Location_ID,Location_Name,Location_Type,Country,Region
LOC01,Shanghai Port,Port,China,APAC
LOC02,Shenzhen Port,Port,China,APAC
LOC03,Singapore Port,Port,Singapore,Southeast Asia
LOC04,Rotterdam Port,Port,Netherlands,Europe
LOC05,Hamburg Port,Port,Germany,Europe
LOC06,Dubai Port,Port,UAE,Middle East
LOC07,Mumbai Port,Port,India,South Asia
LOC08,Los Angeles Port,Port,USA,North America
LOC09,Long Beach Port,Port,USA,North America
LOC10,Busan Port,Port,South Korea,APAC
LOC11,Tokyo Port,Port,Japan,APAC
LOC12,Jebel Ali Terminal,Port,UAE,Middle East
LOC13,Chennai Port,Port,India,South Asia
LOC14,Colombo Port,Port,Sri Lanka,South Asia
LOC15,Frankfurt Air Hub,Hub,Germany,Europe
LOC16,Dubai Distribution Hub,Hub,UAE,Middle East
LOC17,Singapore Distribution Hub,Hub,Singapore,Southeast Asia
LOC18,Chicago Distribution Hub,Hub,USA,North America
LOC19,Mumbai Warehouse,Warehouse,India,South Asia
LOC20,Delhi Warehouse,Warehouse,India,South Asia
LOC21,Frankfurt Warehouse,Warehouse,Germany,Europe
LOC22,Dallas Warehouse,Warehouse,USA,North America
LOC23,Dubai Warehouse,Warehouse,UAE,Middle East
LOC24,Singapore Warehouse,Warehouse,Singapore,Southeast Asia
LOC25,Amsterdam Warehouse,Warehouse,Netherlands,Europe
