Date,Year,Month,Month_Name,Quarter,Week,Day,Day_Name,Is_Weekend
2025-01-01,2025,1,January,Q1,1,1,Wednesday,0
2025-01-02,2025,1,January,Q1,1,2,Thursday,0
2025-01-03,2025,1,January,Q1,1,3,Friday,0
2025-01-04,2025,1,January,Q1,1,4,Saturday,1
2025-01-05,2025,1,January,Q1,1,5,Sunday,1
2025-01-06,2025,1,January,Q1,2,6,Monday,0
2025-01-07,2025,1,January,Q1,2,7,Tuesday,0
2025-01-08,2025,1,January,Q1,2,8,Wednesday,0
2025-01-09,2025,1,January,Q1,2,9,Thursday,0
2025-01-10,2025,1,January,Q1,2,10,Friday,0
2025-01-11,2025,1,January,Q1,2,11,Saturday,1
2025-01-12,2025,1,January,Q1,2,12,Sunday,1
2025-01-13,2025,1,January,Q1,3,13,Monday,0
2025-01-14,2025,1,January,Q1,3,14,Tuesday,0
2025-01-15,2025,1,January,Q1,3,15,Wednesday,0
2025-01-16,2025,1,January,Q1,3,16,Thursday,0
2025-01-17,2025,1,January,Q1,3,17,Friday,0
2025-01-18,2025,1,January,Q1,3,18,Saturday,1
2025-01-19,2025,1,January,Q1,3,19,Sunday,1
2025-01-20,2025,1,January,Q1,4,20,Monday,0
2025-01-21,2025,1,January,Q1,4,21,Tuesday,0
2025-01-22,2025,1,January,Q1,4,22,Wednesday,0
2025-01-23,2025,1,January,Q1,4,23,Thursday,0
2025-01-24,2025,1,January,Q1,4,24,Friday,0
2025-01-25,2025,1,January,Q1,4,25,Saturday,1
2025-01-26,2025,1,January,Q1,4,26,Sunday,1
2025-01-27,2025,1,January,Q1,5,27,Monday,0
2025-01-28,2025,1,January,Q1,5,28,Tuesday,0
2025-01-29,2025,1,January,Q1,5,29,Wednesday,0
2025-01-30,2025,1,January,Q1,5,30,Thursday,0
2025-01-31,2025,1,January,Q1,5,31,Friday,0
2025-02-01,2025,2,February,Q1,5,1,Saturday,1
2025-02-02,2025,2,February,Q1,5,2,Sunday,1
2025-02-03,2025,2,February,Q1,6,3,Monday,0
2025-02-04,2025,2,February,Q1,6,4,Tuesday,0
2025-02-05,2025,2,February,Q1,6,5,Wednesday,0
2025-02-06,2025,2,February,Q1,6,6,Thursday,0
2025-02-07,2025,2,February,Q1,6,7,Friday,0
2025-02-08,2025,2,February,Q1,6,8,Saturday,1
2025-02-09,2025,2,February,Q1,6,9,Sunday,1
2025-02-10,2025,2,February,Q1,7,10,Monday,0
2025-02-11,2025,2,February,Q1,7,11,Tuesday,0
2025-02-12,2025,2,February,Q1,7,12,Wednesday,0
2025-02-13,2025,2,February,Q1,7,13,Thursday,0
2025-02-14,2025,2,February,Q1,7,14,Friday,0
2025-02-15,2025,2,February,Q1,7,15,Saturday,1
2025-02-16,2025,2,February,Q1,7,16,Sunday,1
2025-02-17,2025,2,February,Q1,8,17,Monday,0
2025-02-18,2025,2,February,Q1,8,18,Tuesday,0
2025-02-19,2025,2,February,Q1,8,19,Wednesday,0
2025-02-20,2025,2,February,Q1,8,20,Thursday,0
2025-02-21,2025,2,February,Q1,8,21,Friday,0
2025-02-22,2025,2,February,Q1,8,22,Saturday,1
2025-02-23,2025,2,February,Q1,8,23,Sunday,1
2025-02-24,2025,2,February,Q1,9,24,Monday,0
2025-02-25,2025,2,February,Q1,9,25,Tuesday,0
2025-02-26,2025,2,February,Q1,9,26,Wednesday,0
2025-02-27,2025,2,February,Q1,9,27,Thursday,0
2025-02-28,2025,2,February,Q1,9,28,Friday,0
2025-03-01,2025,3,March,Q1,9,1,Saturday,1
2025-03-02,2025,3,March,Q1,9,2,Sunday,1
2025-03-03,2025,3,March,Q1,10,3,Monday,0
2025-03-04,2025,3,March,Q1,10,4,Tuesday,0
2025-03-05,2025,3,March,Q1,10,5,Wednesday,0
2025-03-06,2025,3,March,Q1,10,6,Thursday,0
2025-03-07,2025,3,March,Q1,10,7,Friday,0
2025-03-08,2025,3,March,Q1,10,8,Saturday,1
2025-03-09,2025,3,March,Q1,10,9,Sunday,1
2025-03-10,2025,3,March,Q1,11,10,Monday,0
2025-03-11,2025,3,March,Q1,11,11,Tuesday,0
2025-03-12,2025,3,March,Q1,11,12,Wednesday,0
2025-03-13,2025,3,March,Q1,11,13,Thursday,0
2025-03-14,2025,3,March,Q1,11,14,Friday,0
2025-03-15,2025,3,March,Q1,11,15,Saturday,1
2025-03-16,2025,3,March,Q1,11,16,Sunday,1
2025-03-17,2025,3,March,Q1,12,17,Monday,0
2025-03-18,2025,3,March,Q1,12,18,Tuesday,0
2025-03-19,2025,3,March,Q1,12,19,Wednesday,0
2025-03-20,2025,3,March,Q1,12,20,Thursday,0
2025-03-21,2025,3,March,Q1,12,21,Friday,0
2025-03-22,2025,3,March,Q1,12,22,Saturday,1
2025-03-23,2025,3,March,Q1,12,23,Sunday,1
2025-03-24,2025,3,March,Q1,13,24,Monday,0
2025-03-25,2025,3,March,Q1,13,25,Tuesday,0
2025-03-26,2025,3,March,Q1,13,26,Wednesday,0
2025-03-27,2025,3,March,Q1,13,27,Thursday,0
2025-03-28,2025,3,March,Q1,13,28,Friday,0
2025-03-29,2025,3,March,Q1,13,29,Saturday,1
2025-03-30,2025,3,March,Q1,13,30,Sunday,1
2025-03-31,2025,3,March,Q1,14,31,Monday,0
2025-04-01,2025,4,April,Q2,14,1,Tuesday,0
2025-04-02,2025,4,April,Q2,14,2,Wednesday,0
2025-04-03,2025,4,April,Q2,14,3,Thursday,0
2025-04-04,2025,4,April,Q2,14,4,Friday,0
2025-04-05,2025,4,April,Q2,14,5,Saturday,1
2025-04-06,2025,4,April,Q2,14,6,Sunday,1
2025-04-07,2025,4,April,Q2,15,7,Monday,0
2025-04-08,2025,4,April,Q2,15,8,Tuesday,0
2025-04-09,2025,4,April,Q2,15,9,Wednesday,0
2025-04-10,2025,4,April,Q2,15,10,Thursday,0
2025-04-11,2025,4,April,Q2,15,11,Friday,0
2025-04-12,2025,4,April,Q2,15,12,Saturday,1
2025-04-13,2025,4,April,Q2,15,13,Sunday,1
2025-04-14,2025,4,April,Q2,16,14,Monday,0
2025-04-15,2025,4,April,Q2,16,15,Tuesday,0
2025-04-16,2025,4,April,Q2,16,16,Wednesday,0
2025-04-17,2025,4,April,Q2,16,17,Thursday,0
2025-04-18,2025,4,April,Q2,16,18,Friday,0
2025-04-19,2025,4,April,Q2,16,19,Saturday,1
2025-04-20,2025,4,April,Q2,16,20,Sunday,1
2025-04-21,2025,4,April,Q2,17,21,Monday,0
2025-04-22,2025,4,April,Q2,17,22,Tuesday,0
2025-04-23,2025,4,April,Q2,17,23,Wednesday,0
2025-04-24,2025,4,April,Q2,17,24,Thursday,0
2025-04-25,2025,4,April,Q2,17,25,Friday,0
2025-04-26,2025,4,April,Q2,17,26,Saturday,1
2025-04-27,2025,4,April,Q2,17,27,Sunday,1
2025-04-28,2025,4,April,Q2,18,28,Monday,0
2025-04-29,2025,4,April,Q2,18,29,Tuesday,0
2025-04-30,2025,4,April,Q2,18,30,Wednesday,0
2025-05-01,2025,5,May,Q2,18,1,Thursday,0
2025-05-02,2025,5,May,Q2,18,2,Friday,0
2025-05-03,2025,5,May,Q2,18,3,Saturday,1
2025-05-04,2025,5,May,Q2,18,4,Sunday,1
2025-05-05,2025,5,May,Q2,19,5,Monday,0
2025-05-06,2025,5,May,Q2,19,6,Tuesday,0
2025-05-07,2025,5,May,Q2,19,7,Wednesday,0
2025-05-08,2025,5,May,Q2,19,8,Thursday,0
2025-05-09,2025,5,May,Q2,19,9,Friday,0
2025-05-10,2025,5,May,Q2,19,10,Saturday,1
2025-05-11,2025,5,May,Q2,19,11,Sunday,1
2025-05-12,2025,5,May,Q2,20,12,Monday,0
2025-05-13,2025,5,May,Q2,20,13,Tuesday,0
2025-05-14,2025,5,May,Q2,20,14,Wednesday,0
2025-05-15,2025,5,May,Q2,20,15,Thursday,0
2025-05-16,2025,5,May,Q2,20,16,Friday,0
2025-05-17,2025,5,May,Q2,20,17,Saturday,1
2025-05-18,2025,5,May,Q2,20,18,Sunday,1
2025-05-19,2025,5,May,Q2,21,19,Monday,0
2025-05-20,2025,5,May,Q2,21,20,Tuesday,0
2025-05-21,2025,5,May,Q2,21,21,Wednesday,0
2025-05-22,2025,5,May,Q2,21,22,Thursday,0
2025-05-23,2025,5,May,Q2,21,23,Friday,0
2025-05-24,2025,5,May,Q2,21,24,Saturday,1
2025-05-25,2025,5,May,Q2,21,25,Sunday,1
2025-05-26,2025,5,May,Q2,22,26,Monday,0
2025-05-27,2025,5,May,Q2,22,27,Tuesday,0
2025-05-28,2025,5,May,Q2,22,28,Wednesday,0
2025-05-29,2025,5,May,Q2,22,29,Thursday,0
2025-05-30,2025,5,May,Q2,22,30,Friday,0
2025-05-31,2025,5,May,Q2,22,31,Saturday,1
2025-06-01,2025,6,June,Q2,22,1,Sunday,1
2025-06-02,2025,6,June,Q2,23,2,Monday,0
2025-06-03,2025,6,June,Q2,23,3,Tuesday,0
2025-06-04,2025,6,June,Q2,23,4,Wednesday,0
2025-06-05,2025,6,June,Q2,23,5,Thursday,0
2025-06-06,2025,6,June,Q2,23,6,Friday,0
2025-06-07,2025,6,June,Q2,23,7,Saturday,1
2025-06-08,2025,6,June,Q2,23,8,Sunday,1
2025-06-09,2025,6,June,Q2,24,9,Monday,0
2025-06-10,2025,6,June,Q2,24,10,Tuesday,0
2025-06-11,2025,6,June,Q2,24,11,Wednesday,0
2025-06-12,2025,6,June,Q2,24,12,Thursday,0
2025-06-13,2025,6,June,Q2,24,13,Friday,0
2025-06-14,2025,6,June,Q2,24,14,Saturday,1
2025-06-15,2025,6,June,Q2,24,15,Sunday,1
2025-06-16,2025,6,June,Q2,25,16,Monday,0
2025-06-17,2025,6,June,Q2,25,17,Tuesday,0
2025-06-18,2025,6,June,Q2,25,18,Wednesday,0
2025-06-19,2025,6,June,Q2,25,19,Thursday,0
2025-06-20,2025,6,June,Q2,25,20,Friday,0
2025-06-21,2025,6,June,Q2,25,21,Saturday,1
2025-06-22,2025,6,June,Q2,25,22,Sunday,1
2025-06-23,2025,6,June,Q2,26,23,Monday,0
2025-06-24,2025,6,June,Q2,26,24,Tuesday,0
2025-06-25,2025,6,June,Q2,26,25,Wednesday,0
2025-06-26,2025,6,June,Q2,26,26,Thursday,0
2025-06-27,2025,6,June,Q2,26,27,Friday,0
2025-06-28,2025,6,June,Q2,26,28,Saturday,1
2025-06-29,2025,6,June,Q2,26,29,Sunday,1
2025-06-30,2025,6,June,Q2,27,30,Monday,0
2025-07-01,2025,7,July,Q3,27,1,Tuesday,0
2025-07-02,2025,7,July,Q3,27,2,Wednesday,0
2025-07-03,2025,7,July,Q3,27,3,Thursday,0
2025-07-04,2025,7,July,Q3,27,4,Friday,0
2025-07-05,2025,7,July,Q3,27,5,Saturday,1
2025-07-06,2025,7,July,Q3,27,6,Sunday,1
2025-07-07,2025,7,July,Q3,28,7,Monday,0
2025-07-08,2025,7,July,Q3,28,8,Tuesday,0
2025-07-09,2025,7,July,Q3,28,9,Wednesday,0
2025-07-10,2025,7,July,Q3,28,10,Thursday,0
2025-07-11,2025,7,July,Q3,28,11,Friday,0
2025-07-12,2025,7,July,Q3,28,12,Saturday,1
2025-07-13,2025,7,July,Q3,28,13,Sunday,1
2025-07-14,2025,7,July,Q3,29,14,Monday,0
2025-07-15,2025,7,July,Q3,29,15,Tuesday,0
2025-07-16,2025,7,July,Q3,29,16,Wednesday,0
2025-07-17,2025,7,July,Q3,29,17,Thursday,0
2025-07-18,2025,7,July,Q3,29,18,Friday,0
2025-07-19,2025,7,July,Q3,29,19,Saturday,1
2025-07-20,2025,7,July,Q3,29,20,Sunday,1
2025-07-21,2025,7,July,Q3,30,21,Monday,0
2025-07-22,2025,7,July,Q3,30,22,Tuesday,0
2025-07-23,2025,7,July,Q3,30,23,Wednesday,0
2025-07-24,2025,7,July,Q3,30,24,Thursday,0
2025-07-25,2025,7,July,Q3,30,25,Friday,0
2025-07-26,2025,7,July,Q3,30,26,Saturday,1
2025-07-27,2025,7,July,Q3,30,27,Sunday,1
2025-07-28,2025,7,July,Q3,31,28,Monday,0
2025-07-29,2025,7,July,Q3,31,29,Tuesday,0
2025-07-30,2025,7,July,Q3,31,30,Wednesday,0
2025-07-31,2025,7,July,Q3,31,31,Thursday,0
2025-08-01,2025,8,August,Q3,31,1,Friday,0
2025-08-02,2025,8,August,Q3,31,2,Saturday,1
2025-08-03,2025,8,August,Q3,31,3,Sunday,1
2025-08-04,2025,8,August,Q3,32,4,Monday,0
2025-08-05,2025,8,August,Q3,32,5,Tuesday,0
2025-08-06,2025,8,August,Q3,32,6,Wednesday,0
2025-08-07,2025,8,August,Q3,32,7,Thursday,0
2025-08-08,2025,8,August,Q3,32,8,Friday,0
2025-08-09,2025,8,August,Q3,32,9,Saturday,1
2025-08-10,2025,8,August,Q3,32,10,Sunday,1
2025-08-11,2025,8,August,Q3,33,11,Monday,0
2025-08-12,2025,8,August,Q3,33,12,Tuesday,0
2025-08-13,2025,8,August,Q3,33,13,Wednesday,0
2025-08-14,2025,8,August,Q3,33,14,Thursday,0
2025-08-15,2025,8,August,Q3,33,15,Friday,0
2025-08-16,2025,8,August,Q3,33,16,Saturday,1
2025-08-17,2025,8,August,Q3,33,17,Sunday,1
2025-08-18,2025,8,August,Q3,34,18,Monday,0
2025-08-19,2025,8,August,Q3,34,19,Tuesday,0
2025-08-20,2025,8,August,Q3,34,20,Wednesday,0
2025-08-21,2025,8,August,Q3,34,21,Thursday,0
2025-08-22,2025,8,August,Q3,34,22,Friday,0
2025-08-23,2025,8,August,Q3,34,23,Saturday,1
2025-08-24,2025,8,August,Q3,34,24,Sunday,1
2025-08-25,2025,8,August,Q3,35,25,Monday,0
2025-08-26,2025,8,August,Q3,35,26,Tuesday,0
2025-08-27,2025,8,August,Q3,35,27,Wednesday,0
2025-08-28,2025,8,August,Q3,35,28,Thursday,0
2025-08-29,2025,8,August,Q3,35,29,Friday,0
2025-08-30,2025,8,August,Q3,35,30,Saturday,1
2025-08-31,2025,8,August,Q3,35,31,Sunday,1
2025-09-01,2025,9,September,Q3,36,1,Monday,0
2025-09-02,2025,9,September,Q3,36,2,Tuesday,0
2025-09-03,2025,9,September,Q3,36,3,Wednesday,0
2025-09-04,2025,9,September,Q3,36,4,Thursday,0
2025-09-05,2025,9,September,Q3,36,5,Friday,0
2025-09-06,2025,9,September,Q3,36,6,Saturday,1
2025-09-07,2025,9,September,Q3,36,7,Sunday,1
2025-09-08,2025,9,September,Q3,37,8,Monday,0
2025-09-09,2025,9,September,Q3,37,9,Tuesday,0
2025-09-10,2025,9,September,Q3,37,10,Wednesday,0
2025-09-11,2025,9,September,Q3,37,11,Thursday,0
2025-09-12,2025,9,September,Q3,37,12,Friday,0
2025-09-13,2025,9,September,Q3,37,13,Saturday,1
2025-09-14,2025,9,September,Q3,37,14,Sunday,1
2025-09-15,2025,9,September,Q3,38,15,Monday,0
2025-09-16,2025,9,September,Q3,38,16,Tuesday,0
2025-09-17,2025,9,September,Q3,38,17,Wednesday,0
2025-09-18,2025,9,September,Q3,38,18,Thursday,0
2025-09-19,2025,9,September,Q3,38,19,Friday,0
2025-09-20,2025,9,September,Q3,38,20,Saturday,1
2025-09-21,2025,9,September,Q3,38,21,Sunday,1
2025-09-22,2025,9,September,Q3,39,22,Monday,0
2025-09-23,2025,9,September,Q3,39,23,Tuesday,0
2025-09-24,2025,9,September,Q3,39,24,Wednesday,0
2025-09-25,2025,9,September,Q3,39,25,Thursday,0
2025-09-26,2025,9,September,Q3,39,26,Friday,0
2025-09-27,2025,9,September,Q3,39,27,Saturday,1
2025-09-28,2025,9,September,Q3,39,28,Sunday,1
2025-09-29,2025,9,September,Q3,40,29,Monday,0
2025-09-30,2025,9,September,Q3,40,30,Tuesday,0
2025-10-01,2025,10,October,Q4,40,1,Wednesday,0
2025-10-02,2025,10,October,Q4,40,2,Thursday,0
2025-10-03,2025,10,October,Q4,40,3,Friday,0
2025-10-04,2025,10,October,Q4,40,4,Saturday,1
2025-10-05,2025,10,October,Q4,40,5,Sunday,1
2025-10-06,2025,10,October,Q4,41,6,Monday,0
2025-10-07,2025,10,October,Q4,41,7,Tuesday,0
2025-10-08,2025,10,October,Q4,41,8,Wednesday,0
2025-10-09,2025,10,October,Q4,41,9,Thursday,0
2025-10-10,2025,10,October,Q4,41,10,Friday,0
2025-10-11,2025,10,October,Q4,41,11,Saturday,1
2025-10-12,2025,10,October,Q4,41,12,Sunday,1
2025-10-13,2025,10,October,Q4,42,13,Monday,0
2025-10-14,2025,10,October,Q4,42,14,Tuesday,0
2025-10-15,2025,10,October,Q4,42,15,Wednesday,0
2025-10-16,2025,10,October,Q4,42,16,Thursday,0
2025-10-17,2025,10,October,Q4,42,17,Friday,0
2025-10-18,2025,10,October,Q4,42,18,Saturday,1
2025-10-19,2025,10,October,Q4,42,19,Sunday,1
2025-10-20,2025,10,October,Q4,43,20,Monday,0
2025-10-21,2025,10,October,Q4,43,21,Tuesday,0
2025-10-22,2025,10,October,Q4,43,22,Wednesday,0
2025-10-23,2025,10,October,Q4,43,23,Thursday,0
2025-10-24,2025,10,October,Q4,43,24,Friday,0
2025-10-25,2025,10,October,Q4,43,25,Saturday,1
2025-10-26,2025,10,October,Q4,43,26,Sunday,1
2025-10-27,2025,10,October,Q4,44,27,Monday,0
2025-10-28,2025,10,October,Q4,44,28,Tuesday,0
2025-10-29,2025,10,October,Q4,44,29,Wednesday,0
2025-10-30,2025,10,October,Q4,44,30,Thursday,0
2025-10-31,2025,10,October,Q4,44,31,Friday,0
2025-11-01,2025,11,November,Q4,44,1,Saturday,1
2025-11-02,2025,11,November,Q4,44,2,Sunday,1
2025-11-03,2025,11,November,Q4,45,3,Monday,0
2025-11-04,2025,11,November,Q4,45,4,Tuesday,0
2025-11-05,2025,11,November,Q4,45,5,Wednesday,0
2025-11-06,2025,11,November,Q4,45,6,Thursday,0
2025-11-07,2025,11,November,Q4,45,7,Friday,0
2025-11-08,2025,11,November,Q4,45,8,Saturday,1
2025-11-09,2025,11,November,Q4,45,9,Sunday,1
2025-11-10,2025,11,November,Q4,46,10,Monday,0
2025-11-11,2025,11,November,Q4,46,11,Tuesday,0
2025-11-12,2025,11,November,Q4,46,12,Wednesday,0
2025-11-13,2025,11,November,Q4,46,13,Thursday,0
2025-11-14,2025,11,November,Q4,46,14,Friday,0
2025-11-15,2025,11,November,Q4,46,15,Saturday,1
2025-11-16,2025,11,November,Q4,46,16,Sunday,1
2025-11-17,2025,11,November,Q4,47,17,Monday,0
2025-11-18,2025,11,November,Q4,47,18,Tuesday,0
2025-11-19,2025,11,November,Q4,47,19,Wednesday,0
2025-11-20,2025,11,November,Q4,47,20,Thursday,0
2025-11-21,2025,11,November,Q4,47,21,Friday,0
2025-11-22,2025,11,November,Q4,47,22,Saturday,1
2025-11-23,2025,11,November,Q4,47,23,Sunday,1
2025-11-24,2025,11,November,Q4,48,24,Monday,0
2025-11-25,2025,11,November,Q4,48,25,Tuesday,0
2025-11-26,2025,11,November,Q4,48,26,Wednesday,0
2025-11-27,2025,11,November,Q4,48,27,Thursday,0
2025-11-28,2025,11,November,Q4,48,28,Friday,0
2025-11-29,2025,11,November,Q4,48,29,Saturday,1
2025-11-30,2025,11,November,Q4,48,30,Sunday,1
2025-12-01,2025,12,December,Q4,49,1,Monday,0
2025-12-02,2025,12,December,Q4,49,2,Tuesday,0
2025-12-03,2025,12,December,Q4,49,3,Wednesday,0
2025-12-04,2025,12,December,Q4,49,4,Thursday,0
2025-12-05,2025,12,December,Q4,49,5,Friday,0
2025-12-06,2025,12,December,Q4,49,6,Saturday,1
2025-12-07,2025,12,December,Q4,49,7,Sunday,1
2025-12-08,2025,12,December,Q4,50,8,Monday,0
2025-12-09,2025,12,December,Q4,50,9,Tuesday,0
2025-12-10,2025,12,December,Q4,50,10,Wednesday,0
2025-12-11,2025,12,December,Q4,50,11,Thursday,0
2025-12-12,2025,12,December,Q4,50,12,Friday,0
2025-12-13,2025,12,December,Q4,50,13,Saturday,1
2025-12-14,2025,12,December,Q4,50,14,Sunday,1
2025-12-15,2025,12,December,Q4,51,15,Monday,0
2025-12-16,2025,12,December,Q4,51,16,Tuesday,0
2025-12-17,2025,12,December,Q4,51,17,Wednesday,0
2025-12-18,2025,12,December,Q4,51,18,Thursday,0
2025-12-19,2025,12,December,Q4,51,19,Friday,0
2025-12-20,2025,12,December,Q4,51,20,Saturday,1
2025-12-21,2025,12,December,Q4,51,21,Sunday,1
2025-12-22,2025,12,December,Q4,52,22,Monday,0
2025-12-23,2025,12,December,Q4,52,23,Tuesday,0
2025-12-24,2025,12,December,Q4,52,24,Wednesday,0
2025-12-25,2025,12,December,Q4,52,25,Thursday,0
2025-12-26,2025,12,December,Q4,52,26,Friday,0
2025-12-27,2025,12,December,Q4,52,27,Saturday,1
2025-12-28,2025,12,December,Q4,52,28,Sunday,1
2025-12-29,2025,12,December,Q4,1,29,Monday,0
2025-12-30,2025,12,December,Q4,1,30,Tuesday,0
2025-12-31,2025,12,December,Q4,1,31,Wednesday,0
2026-01-01,2026,1,January,Q1,1,1,Thursday,0
2026-01-02,2026,1,January,Q1,1,2,Friday,0
2026-01-03,2026,1,January,Q1,1,3,Saturday,1
2026-01-04,2026,1,January,Q1,1,4,Sunday,1
2026-01-05,2026,1,January,Q1,2,5,Monday,0
2026-01-06,2026,1,January,Q1,2,6,Tuesday,0
2026-01-07,2026,1,January,Q1,2,7,Wednesday,0
2026-01-08,2026,1,January,Q1,2,8,Thursday,0
2026-01-09,2026,1,January,Q1,2,9,Friday,0
2026-01-10,2026,1,January,Q1,2,10,Saturday,1
2026-01-11,2026,1,January,Q1,2,11,Sunday,1
2026-01-12,2026,1,January,Q1,3,12,Monday,0
2026-01-13,2026,1,January,Q1,3,13,Tuesday,0
2026-01-14,2026,1,January,Q1,3,14,Wednesday,0
2026-01-15,2026,1,January,Q1,3,15,Thursday,0
2026-01-16,2026,1,January,Q1,3,16,Friday,0
2026-01-17,2026,1,January,Q1,3,17,Saturday,1
2026-01-18,2026,1,January,Q1,3,18,Sunday,1
2026-01-19,2026,1,January,Q1,4,19,Monday,0
2026-01-20,2026,1,January,Q1,4,20,Tuesday,0
2026-01-21,2026,1,January,Q1,4,21,Wednesday,0
2026-01-22,2026,1,January,Q1,4,22,Thursday,0
2026-01-23,2026,1,January,Q1,4,23,Friday,0
2026-01-24,2026,1,January,Q1,4,24,Saturday,1
2026-01-25,2026,1,January,Q1,4,25,Sunday,1
2026-01-26,2026,1,January,Q1,5,26,Monday,0
2026-01-27,2026,1,January,Q1,5,27,Tuesday,0
2026-01-28,2026,1,January,Q1,5,28,Wednesday,0
2026-01-29,2026,1,January,Q1,5,29,Thursday,0
2026-01-30,2026,1,January,Q1,5,30,Friday,0
2026-01-31,2026,1,January,Q1,5,31,Saturday,1
2026-02-01,2026,2,February,Q1,5,1,Sunday,1
2026-02-02,2026,2,February,Q1,6,2,Monday,0
2026-02-03,2026,2,February,Q1,6,3,Tuesday,0
2026-02-04,2026,2,February,Q1,6,4,Wednesday,0
2026-02-05,2026,2,February,Q1,6,5,Thursday,0
2026-02-06,2026,2,February,Q1,6,6,Friday,0
2026-02-07,2026,2,February,Q1,6,7,Saturday,1
2026-02-08,2026,2,February,Q1,6,8,Sunday,1
2026-02-09,2026,2,February,Q1,7,9,Monday,0
2026-02-10,2026,2,February,Q1,7,10,Tuesday,0
2026-02-11,2026,2,February,Q1,7,11,Wednesday,0
2026-02-12,2026,2,February,Q1,7,12,Thursday,0
2026-02-13,2026,2,February,Q1,7,13,Friday,0
2026-02-14,2026,2,February,Q1,7,14,Saturday,1
2026-02-15,2026,2,February,Q1,7,15,Sunday,1
2026-02-16,2026,2,February,Q1,8,16,Monday,0
2026-02-17,2026,2,February,Q1,8,17,Tuesday,0
2026-02-18,2026,2,February,Q1,8,18,Wednesday,0
2026-02-19,2026,2,February,Q1,8,19,Thursday,0
2026-02-20,2026,2,February,Q1,8,20,Friday,0
2026-02-21,2026,2,February,Q1,8,21,Saturday,1
2026-02-22,2026,2,February,Q1,8,22,Sunday,1
2026-02-23,2026,2,February,Q1,9,23,Monday,0
2026-02-24,2026,2,February,Q1,9,24,Tuesday,0
2026-02-25,2026,2,February,Q1,9,25,Wednesday,0
2026-02-26,2026,2,February,Q1,9,26,Thursday,0
2026-02-27,2026,2,February,Q1,9,27,Friday,0
2026-02-28,2026,2,February,Q1,9,28,Saturday,1
2026-03-01,2026,3,March,Q1,9,1,Sunday,1
2026-03-02,2026,3,March,Q1,10,2,Monday,0
2026-03-03,2026,3,March,Q1,10,3,Tuesday,0
2026-03-04,2026,3,March,Q1,10,4,Wednesday,0
2026-03-05,2026,3,March,Q1,10,5,Thursday,0
2026-03-06,2026,3,March,Q1,10,6,Friday,0
2026-03-07,2026,3,March,Q1,10,7,Saturday,1
2026-03-08,2026,3,March,Q1,10,8,Sunday,1
2026-03-09,2026,3,March,Q1,11,9,Monday,0
2026-03-10,2026,3,March,Q1,11,10,Tuesday,0
2026-03-11,2026,3,March,Q1,11,11,Wednesday,0
2026-03-12,2026,3,March,Q1,11,12,Thursday,0
2026-03-13,2026,3,March,Q1,11,13,Friday,0
2026-03-14,2026,3,March,Q1,11,14,Saturday,1
2026-03-15,2026,3,March,Q1,11,15,Sunday,1
2026-03-16,2026,3,March,Q1,12,16,Monday,0
2026-03-17,2026,3,March,Q1,12,17,Tuesday,0
2026-03-18,2026,3,March,Q1,12,18,Wednesday,0
2026-03-19,2026,3,March,Q1,12,19,Thursday,0
2026-03-20,2026,3,March,Q1,12,20,Friday,0
2026-03-21,2026,3,March,Q1,12,21,Saturday,1
2026-03-22,2026,3,March,Q1,12,22,Sunday,1
2026-03-23,2026,3,March,Q1,13,23,Monday,0
2026-03-24,2026,3,March,Q1,13,24,Tuesday,0
2026-03-25,2026,3,March,Q1,13,25,Wednesday,0
2026-03-26,2026,3,March,Q1,13,26,Thursday,0
2026-03-27,2026,3,March,Q1,13,27,Friday,0
2026-03-28,2026,3,March,Q1,13,28,Saturday,1
2026-03-29,2026,3,March,Q1,13,29,Sunday,1
2026-03-30,2026,3,March,Q1,14,30,Monday,0
2026-03-31,2026,3,March,Q1,14,31,Tuesday,0
2026-04-01,2026,4,April,Q2,14,1,Wednesday,0
2026-04-02,2026,4,April,Q2,14,2,Thursday,0
2026-04-03,2026,4,April,Q2,14,3,Friday,0
2026-04-04,2026,4,April,Q2,14,4,Saturday,1
2026-04-05,2026,4,April,Q2,14,5,Sunday,1
2026-04-06,2026,4,April,Q2,15,6,Monday,0
2026-04-07,2026,4,April,Q2,15,7,Tuesday,0
2026-04-08,2026,4,April,Q2,15,8,Wednesday,0
2026-04-09,2026,4,April,Q2,15,9,Thursday,0
2026-04-10,2026,4,April,Q2,15,10,Friday,0
2026-04-11,2026,4,April,Q2,15,11,Saturday,1
2026-04-12,2026,4,April,Q2,15,12,Sunday,1
2026-04-13,2026,4,April,Q2,16,13,Monday,0
2026-04-14,2026,4,April,Q2,16,14,Tuesday,0
2026-04-15,2026,4,April,Q2,16,15,Wednesday,0
2026-04-16,2026,4,April,Q2,16,16,Thursday,0
2026-04-17,2026,4,April,Q2,16,17,Friday,0
2026-04-18,2026,4,April,Q2,16,18,Saturday,1
2026-04-19,2026,4,April,Q2,16,19,Sunday,1
2026-04-20,2026,4,April,Q2,17,20,Monday,0
2026-04-21,2026,4,April,Q2,17,21,Tuesday,0
2026-04-22,2026,4,April,Q2,17,22,Wednesday,0
2026-04-23,2026,4,April,Q2,17,23,Thursday,0
2026-04-24,2026,4,April,Q2,17,24,Friday,0
2026-04-25,2026,4,April,Q2,17,25,Saturday,1
2026-04-26,2026,4,April,Q2,17,26,Sunday,1
2026-04-27,2026,4,April,Q2,18,27,Monday,0
2026-04-28,2026,4,April,Q2,18,28,Tuesday,0
2026-04-29,2026,4,April,Q2,18,29,Wednesday,0
2026-04-30,2026,4,April,Q2,18,30,Thursday,0
2026-05-01,2026,5,May,Q2,18,1,Friday,0
2026-05-02,2026,5,May,Q2,18,2,Saturday,1
2026-05-03,2026,5,May,Q2,18,3,Sunday,1
2026-05-04,2026,5,May,Q2,19,4,Monday,0
2026-05-05,2026,5,May,Q2,19,5,Tuesday,0
2026-05-06,2026,5,May,Q2,19,6,Wednesday,0
2026-05-07,2026,5,May,Q2,19,7,Thursday,0
2026-05-08,2026,5,May,Q2,19,8,Friday,0
2026-05-09,2026,5,May,Q2,19,9,Saturday,1
2026-05-10,2026,5,May,Q2,19,10,Sunday,1
2026-05-11,2026,5,May,Q2,20,11,Monday,0
2026-05-12,2026,5,May,Q2,20,12,Tuesday,0
2026-05-13,2026,5,May,Q2,20,13,Wednesday,0
2026-05-14,2026,5,May,Q2,20,14,Thursday,0
2026-05-15,2026,5,May,Q2,20,15,Friday,0
2026-05-16,2026,5,May,Q2,20,16,Saturday,1
2026-05-17,2026,5,May,Q2,20,17,Sunday,1
2026-05-18,2026,5,May,Q2,21,18,Monday,0
2026-05-19,2026,5,May,Q2,21,19,Tuesday,0
2026-05-20,2026,5,May,Q2,21,20,Wednesday,0
2026-05-21,2026,5,May,Q2,21,21,Thursday,0
2026-05-22,2026,5,May,Q2,21,22,Friday,0
2026-05-23,2026,5,May,Q2,21,23,Saturday,1
2026-05-24,2026,5,May,Q2,21,24,Sunday,1
2026-05-25,2026,5,May,Q2,22,25,Monday,0
2026-05-26,2026,5,May,Q2,22,26,Tuesday,0
2026-05-27,2026,5,May,Q2,22,27,Wednesday,0
2026-05-28,2026,5,May,Q2,22,28,Thursday,0
2026-05-29,2026,5,May,Q2,22,29,Friday,0
2026-05-30,2026,5,May,Q2,22,30,Saturday,1
2026-05-31,2026,5,May,Q2,22,31,Sunday,1
2026-06-01,2026,6,June,Q2,23,1,Monday,0
2026-06-02,2026,6,June,Q2,23,2,Tuesday,0
2026-06-03,2026,6,June,Q2,23,3,Wednesday,0
2026-06-04,2026,6,June,Q2,23,4,Thursday,0
2026-06-05,2026,6,June,Q2,23,5,Friday,0
2026-06-06,2026,6,June,Q2,23,6,Saturday,1
2026-06-07,2026,6,June,Q2,23,7,Sunday,1
2026-06-08,2026,6,June,Q2,24,8,Monday,0
2026-06-09,2026,6,June,Q2,24,9,Tuesday,0
2026-06-10,2026,6,June,Q2,24,10,Wednesday,0
2026-06-11,2026,6,June,Q2,24,11,Thursday,0
2026-06-12,2026,6,June,Q2,24,12,Friday,0
2026-06-13,2026,6,June,Q2,24,13,Saturday,1
2026-06-14,2026,6,June,Q2,24,14,Sunday,1
2026-06-15,2026,6,June,Q2,25,15,Monday,0
2026-06-16,2026,6,June,Q2,25,16,Tuesday,0
2026-06-17,2026,6,June,Q2,25,17,Wednesday,0
2026-06-18,2026,6,June,Q2,25,18,Thursday,0
2026-06-19,2026,6,June,Q2,25,19,Friday,0
2026-06-20,2026,6,June,Q2,25,20,Saturday,1
2026-06-21,2026,6,June,Q2,25,21,Sunday,1
2026-06-22,2026,6,June,Q2,26,22,Monday,0
2026-06-23,2026,6,June,Q2,26,23,Tuesday,0
2026-06-24,2026,6,June,Q2,26,24,Wednesday,0
2026-06-25,2026,6,June,Q2,26,25,Thursday,0
2026-06-26,2026,6,June,Q2,26,26,Friday,0
2026-06-27,2026,6,June,Q2,26,27,Saturday,1
2026-06-28,2026,6,June,Q2,26,28,Sunday,1
2026-06-29,2026,6,June,Q2,27,29,Monday,0
2026-06-30,2026,6,June,Q2,27,30,Tuesday,0
2026-07-01,2026,7,July,Q3,27,1,Wednesday,0
2026-07-02,2026,7,July,Q3,27,2,Thursday,0
2026-07-03,2026,7,July,Q3,27,3,Friday,0
2026-07-04,2026,7,July,Q3,27,4,Saturday,1
2026-07-05,2026,7,July,Q3,27,5,Sunday,1
2026-07-06,2026,7,July,Q3,28,6,Monday,0
2026-07-07,2026,7,July,Q3,28,7,Tuesday,0
2026-07-08,2026,7,July,Q3,28,8,Wednesday,0
2026-07-09,2026,7,July,Q3,28,9,Thursday,0
2026-07-10,2026,7,July,Q3,28,10,Friday,0
2026-07-11,2026,7,July,Q3,28,11,Saturday,1
2026-07-12,2026,7,July,Q3,28,12,Sunday,1
2026-07-13,2026,7,July,Q3,29,13,Monday,0
2026-07-14,2026,7,July,Q3,29,14,Tuesday,0
2026-07-15,2026,7,July,Q3,29,15,Wednesday,0
2026-07-16,2026,7,July,Q3,29,16,Thursday,0
2026-07-17,2026,7,July,Q3,29,17,Friday,0
2026-07-18,2026,7,July,Q3,29,18,Saturday,1
2026-07-19,2026,7,July,Q3,29,19,Sunday,1
2026-07-20,2026,7,July,Q3,30,20,Monday,0
2026-07-21,2026,7,July,Q3,30,21,Tuesday,0
2026-07-22,2026,7,July,Q3,30,22,Wednesday,0
2026-07-23,2026,7,July,Q3,30,23,Thursday,0
2026-07-24,2026,7,July,Q3,30,24,Friday,0
2026-07-25,2026,7,July,Q3,30,25,Saturday,1
2026-07-26,2026,7,July,Q3,30,26,Sunday,1
2026-07-27,2026,7,July,Q3,31,27,Monday,0
2026-07-28,2026,7,July,Q3,31,28,Tuesday,0
2026-07-29,2026,7,July,Q3,31,29,Wednesday,0
2026-07-30,2026,7,July,Q3,31,30,Thursday,0
2026-07-31,2026,7,July,Q3,31,31,Friday,0
2026-08-01,2026,8,August,Q3,31,1,Saturday,1
2026-08-02,2026,8,August,Q3,31,2,Sunday,1
2026-08-03,2026,8,August,Q3,32,3,Monday,0
2026-08-04,2026,8,August,Q3,32,4,Tuesday,0
2026-08-05,2026,8,August,Q3,32,5,Wednesday,0
2026-08-06,2026,8,August,Q3,32,6,Thursday,0
2026-08-07,2026,8,August,Q3,32,7,Friday,0
2026-08-08,2026,8,August,Q3,32,8,Saturday,1
2026-08-09,2026,8,August,Q3,32,9,Sunday,1
2026-08-10,2026,8,August,Q3,33,10,Monday,0
2026-08-11,2026,8,August,Q3,33,11,Tuesday,0
2026-08-12,2026,8,August,Q3,33,12,Wednesday,0
2026-08-13,2026,8,August,Q3,33,13,Thursday,0
2026-08-14,2026,8,August,Q3,33,14,Friday,0
2026-08-15,2026,8,August,Q3,33,15,Saturday,1
2026-08-16,2026,8,August,Q3,33,16,Sunday,1
2026-08-17,2026,8,August,Q3,34,17,Monday,0
2026-08-18,2026,8,August,Q3,34,18,Tuesday,0
2026-08-19,2026,8,August,Q3,34,19,Wednesday,0
2026-08-20,2026,8,August,Q3,34,20,Thursday,0
2026-08-21,2026,8,August,Q3,34,21,Friday,0
2026-08-22,2026,8,August,Q3,34,22,Saturday,1
2026-08-23,2026,8,August,Q3,34,23,Sunday,1
2026-08-24,2026,8,August,Q3,35,24,Monday,0
2026-08-25,2026,8,August,Q3,35,25,Tuesday,0
2026-08-26,2026,8,August,Q3,35,26,Wednesday,0
2026-08-27,2026,8,August,Q3,35,27,Thursday,0
2026-08-28,2026,8,August,Q3,35,28,Friday,0
2026-08-29,2026,8,August,Q3,35,29,Saturday,1
2026-08-30,2026,8,August,Q3,35,30,Sunday,1
2026-08-31,2026,8,August,Q3,36,31,Monday,0
2026-09-01,2026,9,September,Q3,36,1,Tuesday,0
2026-09-02,2026,9,September,Q3,36,2,Wednesday,0
2026-09-03,2026,9,September,Q3,36,3,Thursday,0
2026-09-04,2026,9,September,Q3,36,4,Friday,0
2026-09-05,2026,9,September,Q3,36,5,Saturday,1
2026-09-06,2026,9,September,Q3,36,6,Sunday,1
2026-09-07,2026,9,September,Q3,37,7,Monday,0
2026-09-08,2026,9,September,Q3,37,8,Tuesday,0
2026-09-09,2026,9,September,Q3,37,9,Wednesday,0
2026-09-10,2026,9,September,Q3,37,10,Thursday,0
2026-09-11,2026,9,September,Q3,37,11,Friday,0
2026-09-12,2026,9,September,Q3,37,12,Saturday,1
2026-09-13,2026,9,September,Q3,37,13,Sunday,1
2026-09-14,2026,9,September,Q3,38,14,Monday,0
2026-09-15,2026,9,September,Q3,38,15,Tuesday,0
2026-09-16,2026,9,September,Q3,38,16,Wednesday,0
2026-09-17,2026,9,September,Q3,38,17,Thursday,0
2026-09-18,2026,9,September,Q3,38,18,Friday,0
2026-09-19,2026,9,September,Q3,38,19,Saturday,1
2026-09-20,2026,9,September,Q3,38,20,Sunday,1
2026-09-21,2026,9,September,Q3,39,21,Monday,0
2026-09-22,2026,9,September,Q3,39,22,Tuesday,0
2026-09-23,2026,9,September,Q3,39,23,Wednesday,0
2026-09-24,2026,9,September,Q3,39,24,Thursday,0
2026-09-25,2026,9,September,Q3,39,25,Friday,0
2026-09-26,2026,9,September,Q3,39,26,Saturday,1
2026-09-27,2026,9,September,Q3,39,27,Sunday,1
2026-09-28,2026,9,September,Q3,40,28,Monday,0
2026-09-29,2026,9,September,Q3,40,29,Tuesday,0
2026-09-30,2026,9,September,Q3,40,30,Wednesday,0
2026-10-01,2026,10,October,Q4,40,1,Thursday,0
2026-10-02,2026,10,October,Q4,40,2,Friday,0
2026-10-03,2026,10,October,Q4,40,3,Saturday,1
2026-10-04,2026,10,October,Q4,40,4,Sunday,1
2026-10-05,2026,10,October,Q4,41,5,Monday,0
2026-10-06,2026,10,October,Q4,41,6,Tuesday,0
2026-10-07,2026,10,October,Q4,41,7,Wednesday,0
2026-10-08,2026,10,October,Q4,41,8,Thursday,0
2026-10-09,2026,10,October,Q4,41,9,Friday,0
2026-10-10,2026,10,October,Q4,41,10,Saturday,1
2026-10-11,2026,10,October,Q4,41,11,Sunday,1
2026-10-12,2026,10,October,Q4,42,12,Monday,0
2026-10-13,2026,10,October,Q4,42,13,Tuesday,0
2026-10-14,2026,10,October,Q4,42,14,Wednesday,0
2026-10-15,2026,10,October,Q4,42,15,Thursday,0
2026-10-16,2026,10,October,Q4,42,16,Friday,0
2026-10-17,2026,10,October,Q4,42,17,Saturday,1
2026-10-18,2026,10,October,Q4,42,18,Sunday,1
2026-10-19,2026,10,October,Q4,43,19,Monday,0
2026-10-20,2026,10,October,Q4,43,20,Tuesday,0
2026-10-21,2026,10,October,Q4,43,21,Wednesday,0
2026-10-22,2026,10,October,Q4,43,22,Thursday,0
2026-10-23,2026,10,October,Q4,43,23,Friday,0
2026-10-24,2026,10,October,Q4,43,24,Saturday,1
2026-10-25,2026,10,October,Q4,43,25,Sunday,1
2026-10-26,2026,10,October,Q4,44,26,Monday,0
2026-10-27,2026,10,October,Q4,44,27,Tuesday,0
2026-10-28,2026,10,October,Q4,44,28,Wednesday,0
2026-10-29,2026,10,October,Q4,44,29,Thursday,0
2026-10-30,2026,10,October,Q4,44,30,Friday,0
2026-10-31,2026,10,October,Q4,44,31,Saturday,1
2026-11-01,2026,11,November,Q4,44,1,Sunday,1
2026-11-02,2026,11,November,Q4,45,2,Monday,0
2026-11-03,2026,11,November,Q4,45,3,Tuesday,0
2026-11-04,2026,11,November,Q4,45,4,Wednesday,0
2026-11-05,2026,11,November,Q4,45,5,Thursday,0
2026-11-06,2026,11,November,Q4,45,6,Friday,0
2026-11-07,2026,11,November,Q4,45,7,Saturday,1
2026-11-08,2026,11,November,Q4,45,8,Sunday,1
2026-11-09,2026,11,November,Q4,46,9,Monday,0
2026-11-10,2026,11,November,Q4,46,10,Tuesday,0
2026-11-11,2026,11,November,Q4,46,11,Wednesday,0
2026-11-12,2026,11,November,Q4,46,12,Thursday,0
2026-11-13,2026,11,November,Q4,46,13,Friday,0
2026-11-14,2026,11,November,Q4,46,14,Saturday,1
2026-11-15,2026,11,November,Q4,46,15,Sunday,1
2026-11-16,2026,11,November,Q4,47,16,Monday,0
2026-11-17,2026,11,November,Q4,47,17,Tuesday,0
2026-11-18,2026,11,November,Q4,47,18,Wednesday,0
2026-11-19,2026,11,November,Q4,47,19,Thursday,0
2026-11-20,2026,11,November,Q4,47,20,Friday,0
2026-11-21,2026,11,November,Q4,47,21,Saturday,1
2026-11-22,2026,11,November,Q4,47,22,Sunday,1
2026-11-23,2026,11,November,Q4,48,23,Monday,0
2026-11-24,2026,11,November,Q4,48,24,Tuesday,0
2026-11-25,2026,11,November,Q4,48,25,Wednesday,0
2026-11-26,2026,11,November,Q4,48,26,Thursday,0
2026-11-27,2026,11,November,Q4,48,27,Friday,0
2026-11-28,2026,11,November,Q4,48,28,Saturday,1
2026-11-29,2026,11,November,Q4,48,29,Sunday,1
2026-11-30,2026,11,November,Q4,49,30,Monday,0
2026-12-01,2026,12,December,Q4,49,1,Tuesday,0
2026-12-02,2026,12,December,Q4,49,2,Wednesday,0
2026-12-03,2026,12,December,Q4,49,3,Thursday,0
2026-12-04,2026,12,December,Q4,49,4,Friday,0
2026-12-05,2026,12,December,Q4,49,5,Saturday,1
2026-12-06,2026,12,December,Q4,49,6,Sunday,1
2026-12-07,2026,12,December,Q4,50,7,Monday,0
2026-12-08,2026,12,December,Q4,50,8,Tuesday,0
2026-12-09,2026,12,December,Q4,50,9,Wednesday,0
2026-12-10,2026,12,December,Q4,50,10,Thursday,0
2026-12-11,2026,12,December,Q4,50,11,Friday,0
2026-12-12,2026,12,December,Q4,50,12,Saturday,1
2026-12-13,2026,12,December,Q4,50,13,Sunday,1
2026-12-14,2026,12,December,Q4,51,14,Monday,0
2026-12-15,2026,12,December,Q4,51,15,Tuesday,0
2026-12-16,2026,12,December,Q4,51,16,Wednesday,0
2026-12-17,2026,12,December,Q4,51,17,Thursday,0
2026-12-18,2026,12,December,Q4,51,18,Friday,0
2026-12-19,2026,12,December,Q4,51,19,Saturday,1
2026-12-20,2026,12,December,Q4,51,20,Sunday,1
2026-12-21,2026,12,December,Q4,52,21,Monday,0
2026-12-22,2026,12,December,Q4,52,22,Tuesday,0
2026-12-23,2026,12,December,Q4,52,23,Wednesday,0
2026-12-24,2026,12,December,Q4,52,24,Thursday,0
2026-12-25,2026,12,December,Q4,52,25,Friday,0
2026-12-26,2026,12,December,Q4,52,26,Saturday,1
2026-12-27,2026,12,December,Q4,52,27,Sunday,1
2026-12-28,2026,12,December,Q4,53,28,Monday,0
2026-12-29,2026,12,December,Q4,53,29,Tuesday,0
2026-12-30,2026,12,December,Q4,53,30,Wednesday,0
2026-12-31,2026,12,December,Q4,53,31,Thursday,0
