Snapshot_Date,Warehouse_ID,Product_ID,On_Hand_Qty,Reserved_Qty,In_Transit_Qty,Reorder_Point,Safety_Stock,Daily_Demand
2025-09-10,LOC23,SKU017,70,3.0,103.0,76.0,42,8
2025-11-05,LOC23,SKU042,226,95.0,398.0,263.0,153,28
2025-04-09,LOC20,SKU015,192,6.0,88.0,184.0,87,26
2025-03-26,LOC19,SKU019,124,49.0,194.0,108.0,113,19
2025-04-09,LOC20,SKU024,136,31.0,264.0,134.0,74,22
2025-07-16,LOC25,SKU051,73,16.0,59.0,119.0,60,14
2025-08-27,LOC22,SKU059,40,23.0,31.0,29.0,20,5
2025-06-18,LOC25,SKU051,77,6.0,58.0,60.0,27,11
2025-10-22,LOC23,SKU018,92,50.0,34.0,144.0,50,16
2025-02-26,LOC24,SKU040,27,3.0,40.0,32.0,13,4
2025-07-16,LOC23,SKU042,77,6.0,53.0,91.0,67,14
2025-11-19,LOC23,SKU024,98,31.0,27.0,38.0,33,7
2025-06-04,LOC23,SKU024,120,49.0,28.0,73.0,45,9
2025-11-19,LOC20,SKU015,153,81.0,87.0,113.0,49,19
2025-01-15,LOC22,SKU004,347,164.0,256.0,292.0,82,37
2025-10-22,LOC21,SKU056,242,70.0,133.0,101.0,85,20
2025-12-03,LOC20,SKU059,145,54.0,157.0,121.0,58,13
2025-05-21,LOC25,SKU046,93,40.0,79.0,160.0,42,18
2025-04-09,LOC20,SKU019,66,20.0,33.0,44.0,33,6
2025-01-01,LOC20,SKU059,81,17.0,313.0,147.0,58,23
2025-09-24,LOC20,SKU020,264,78.0,71.0,227.0,110,30
2025-09-10,LOC23,SKU042,100,39.0,135.0,174.0,142,24
2025-09-24,LOC24,SKU060,23,10.0,12.0,53.0,17,8
2025-10-08,LOC23,SKU028,87,42.0,178.0,79.0,65,12
2025-11-19,LOC23,SKU034,40,19.0,230.0,132.0,65,24
2025-04-09,LOC23,SKU018,276,111.0,170.0,228.0,99,24
2025-12-03,LOC23,SKU018,243,101.0,179.0,229.0,82,25
2025-12-03,LOC20,SKU057,136,90.0,180.0,143.0,52,18
2025-10-08,LOC24,SKU025,173,43.0,172.0,248.0,76,36
2025-10-22,LOC25,SKU051,200,17.0,199.0,129.0,64,20
2025-09-10,LOC22,SKU060,-25,37.0,138.0,112.0,95,16
2025-05-21,LOC22,SKU004,238,22.0,273.0,307.0,171,33
2025-10-22,LOC23,SKU026,479,115.0,42.0,312.0,109,34
2025-08-27,LOC25,SKU051,99,13.0,180.0,74.0,71,13
2025-02-12,LOC22,SKU016,177,43.0,349.0,227.0,129,24
2025-03-12,LOC23,SKU034,106,31.0,149.0,93.0,59,13
2025-04-09,LOC22,SKU025,198,88.0,127.0,201.0,66,29
2025-04-09,LOC21,SKU056,144,62.0,291.0,132.0,48,22
2025-09-10,LOC25,SKU028,82,6.0,102.0,81.0,52,10
2025-01-15,LOC25,SKU008,286,157.0,174.0,218.0,152,35
2025-11-19,LOC25,SKU037,132,24.0,260.0,202.0,112,24
2025-04-09,LOC24,SKU040,114,34.0,101.0,68.0,42,12
2025-11-05,LOC25,SKU008,273,71.0,570.0,387.0,121,42
2025-07-16,LOC23,SKU026,197,136.0,548.0,371.0,101,39
2025-09-10,LOC21,SKU022,88,3.0,242.0,259.0,152,33
2025-03-12,LOC20,SKU004,83,31.0,35.0,109.0,87,21
2025-03-26,LOC22,SKU060,220,45.0,141.0,110.0,35,16
2025-03-12,LOC19,SKU012,136,21.0,172.0,72.0,53,12
2025-06-18,LOC25,SKU008,398,49.0,414.0,240.0,101,29
2025-08-13,LOC20,SKU025,362,69.0,354.0,252.0,159,31
2025-05-21,LOC25,SKU051,188,85.0,116.0,278.0,94,32
2025-05-07,LOC22,SKU025,361,183.0,496.0,266.0,184,38
2025-09-24,LOC21,SKU022,103,31.0,478.0,212.0,66,33
2025-10-22,LOC23,SKU017,82,38.0,157.0,108.0,82,14
2025-05-07,LOC22,SKU014,261,66.0,375.0,243.0,205,40
2025-06-04,LOC24,SKU040,22,4.0,37.0,18.0,7,3
2025-01-01,LOC23,SKU028,136,22.0,124.0,189.0,87,19
2025-04-23,LOC22,SKU004,413,153.0,25.0,257.0,114,39
2025-03-12,LOC25,SKU008,419,219.0,166.0,201.0,193,35
2025-07-30,LOC20,SKU054,33,20.0,127.0,57.0,20,9
2025-05-21,LOC23,SKU017,112,22.0,240.0,137.0,109,20
2025-05-07,LOC22,SKU007,159,91.0,12.0,121.0,96,21
2025-04-23,LOC24,SKU059,42,20.0,32.0,52.0,41,8
2025-01-15,LOC25,SKU046,270,71.0,262.0,175.0,126,25
2025-07-02,LOC20,SKU024,201,92.0,125.0,149.0,111,20
2025-04-23,LOC20,SKU019,171,106.0,115.0,213.0,93,23
2025-03-12,LOC22,SKU004,201,91.0,182.0,172.0,171,32
2025-09-10,LOC25,SKU008,155,91.0,27.0,207.0,131,25
2025-10-08,LOC25,SKU024,165,25.0,211.0,195.0,119,21
2025-02-12,LOC20,SKU054,81,25.0,40.0,60.0,19,8
2025-03-12,LOC24,SKU059,80,7.0,101.0,97.0,54,14
2025-07-16,LOC23,SKU018,95,145.0,185.0,117.0,45,14
2025-07-02,LOC23,SKU018,45,27.0,9.0,28.0,23,4
2025-02-26,LOC23,SKU028,28,5.0,32.0,79.0,18,8
2025-06-04,LOC24,SKU019,53,8.0,82.0,53.0,30,7
2025-11-05,LOC19,SKU012,81,45.0,41.0,156.0,102,18
2025-05-21,LOC20,SKU004,200,70.0,147.0,318.0,86,32
2025-04-23,LOC24,SKU032,63,16.0,30.0,46.0,13,5
2025-04-09,LOC21,SKU002,264,158.0,506.0,371.0,173,39
2025-07-30,LOC20,SKU057,27,5.0,57.0,45.0,18,6
2025-08-27,LOC22,SKU014,25,13.0,291.0,237.0,163,33
2025-01-01,LOC22,SKU046,31,3.0,4.0,33.0,9,4
2025-02-26,LOC21,SKU022,258,59.0,313.0,274.0,114,31
2025-07-02,LOC19,SKU040,0,0.0,80.0,89.0,19,9
2025-07-02,LOC25,SKU058,151,76.0,326.0,150.0,159,28
2025-01-15,LOC22,SKU060,303,202.0,402.0,232.0,164,31
2025-05-21,LOC19,SKU030,155,76.0,75.0,263.0,115,27
2025-07-30,LOC23,SKU026,86,57.0,253.0,102.0,74,19
2025-06-18,LOC24,SKU025,306,156.0,223.0,164.0,103,27
2025-07-30,LOC20,SKU008,244,38.0,390.0,264.0,151,29
2025-09-10,LOC25,SKU051,154,64.0,13.0,99.0,43,18
2025-02-26,LOC25,SKU046,33,19.0,9.0,47.0,19,7
2025-02-26,LOC25,SKU058,59,14.0,39.0,89.0,65,12
2025-11-19,LOC24,SKU057,212,6.0,83.0,178.0,75,25
2025-08-27,LOC24,SKU019,147,31.0,99.0,150.0,45,21
2025-04-09,LOC20,SKU020,57,34.0,193.0,157.0,151,27
2025-04-09,LOC24,SKU059,149,14.0,128.0,89.0,64,14
2025-01-29,LOC22,SKU025,192,19.0,43.0,270.0,168,39
2025-09-24,LOC22,SKU046,148,95.0,168.0,138.0,37,14
2025-03-26,LOC24,SKU025,0,1.0,271.0,273.0,227,43
2025-08-13,LOC25,SKU028,142,37.0,233.0,138.0,98,17
2025-06-04,LOC22,SKU040,143,33.0,135.0,196.0,118,21
2025-09-10,LOC20,SKU004,28,15.0,280.0,177.0,115,25
2025-09-10,LOC20,SKU054,74,41.0,67.0,39.0,29,6
2025-04-23,LOC24,SKU031,207,33.0,278.0,171.0,76,31
2025-01-01,LOC19,SKU028,6,0.0,15.0,17.0,7,2
2025-01-01,LOC20,SKU020,168,88.0,24.0,233.0,116,31
2025-09-24,LOC25,SKU051,167,23.0,98.0,198.0,48,23
2025-01-01,LOC23,SKU050,52,9.0,95.0,114.0,52,22
2025-07-16,LOC24,SKU025,224,37.0,143.0,220.0,156,38
2025-04-23,LOC19,SKU030,76,37.0,73.0,170.0,83,26
2025-11-05,LOC20,SKU054,16,4.0,133.0,73.0,25,9
2025-06-18,LOC25,SKU028,35,13.0,66.0,27.0,26,0
2025-02-12,LOC20,SKU059,259,130.0,170.0,154.0,97,17
2025-01-29,LOC20,SKU054,146,47.0,98.0,129.0,52,15
2025-04-09,LOC25,SKU046,58,15.0,93.0,74.0,45,8
2025-07-02,LOC20,SKU025,382,146.0,413.0,293.0,75,33
2025-01-29,LOC23,SKU042,50,11.0,40.0,118.0,41,13
2025-01-15,LOC22,SKU040,44,20.0,86.0,56.0,23,6
2025-09-10,LOC21,SKU056,83,1.0,75.0,75.0,28,8
2025-08-13,LOC20,SKU008,237,142.0,253.0,159.0,121,28
2025-11-19,LOC21,SKU044,263,7.0,286.0,297.0,149,32
2025-11-19,LOC19,SKU028,30,7.0,48.0,48.0,25,5
2025-03-26,LOC22,SKU040,50,32.0,219.0,183.0,43,20
2025-01-29,LOC25,SKU051,54,31.0,80.0,57.0,19,6
2025-10-08,LOC24,SKU002,173,72.0,247.0,191.0,170,32
2025-10-22,LOC24,SKU002,90,54.0,86.0,229.0,105,31
2025-06-18,LOC24,SKU032,46,26.0,9.0,44.0,28,5
2025-10-08,LOC24,SKU059,70,2.0,129.0,88.0,25,10
2025-04-09,LOC24,SKU032,233,125.0,113.0,124.0,90,20
2025-10-08,LOC22,SKU059,5,0.0,122.0,61.0,58,11
2025-01-15,LOC19,SKU040,20,2.0,29.0,52.0,23,7
2025-08-13,LOC19,SKU028,93,8.0,149.0,99.0,24,10
2025-12-03,LOC24,SKU060,259,74.0,268.0,144.0,107,24
2025-05-07,LOC20,SKU024,45,24.0,25.0,69.0,40,7
2025-01-01,LOC21,SKU044,326,145.0,415.0,286.0,72,34
2025-04-23,LOC22,SKU014,224,128.0,37.0,115.0,50,18
2025-03-12,LOC24,SKU060,141,42.0,15.0,138.0,57,15
2025-08-13,LOC23,SKU034,156,6.0,102.0,214.0,92,22
2025-02-26,LOC24,SKU025,416,273.0,162.0,268.0,81,39
2025-09-24,LOC20,SKU059,78,6.0,89.0,113.0,73,15
2025-02-26,LOC20,SKU024,76,13.0,76.0,81.0,73,13
2025-12-03,LOC24,SKU002,107,48.0,306.0,275.0,97,32
2025-02-12,LOC21,SKU030,240,101.0,104.0,171.0,52,21
2025-05-07,LOC21,SKU048,158,74.0,130.0,244.0,110,25
2025-10-22,LOC23,SKU024,17,9.0,23.0,18.0,8,2
2025-06-04,LOC24,SKU025,168,35.0,165.0,104.0,57,19
2025-08-13,LOC21,SKU002,254,60.0,107.0,372.0,219,39
2025-03-12,LOC24,SKU057,102,69.0,215.0,133.0,94,16
2025-07-02,LOC20,SKU015,110,23.0,191.0,117.0,73,23
2025-11-05,LOC20,SKU025,261,47.0,431.0,324.0,126,39
2025-10-08,LOC22,SKU025,163,70.0,330.0,194.0,133,35
2025-08-13,LOC22,SKU004,180,69.0,417.0,191.0,130,36
2025-12-03,LOC20,SKU008,222,59.0,7.0,127.0,131,23
2025-04-23,LOC24,SKU019,149,70.0,180.0,153.0,59,28
2025-11-19,LOC21,SKU048,45,17.0,43.0,34.0,31,6
2025-09-24,LOC20,SKU057,118,68.0,195.0,154.0,43,18
2025-01-29,LOC22,SKU040,6,1.0,8.0,8.0,4,1
2025-03-12,LOC19,SKU043,311,114.0,585.0,303.0,249,43
2025-01-01,LOC22,SKU059,125,14.0,57.0,162.0,77,23
2025-03-26,LOC25,SKU014,262,33.0,147.0,223.0,124,29
2025-03-12,LOC19,SKU028,39,25.0,57.0,21.0,21,4
2025-08-27,LOC24,SKU059,8,4.0,15.0,23.0,16,3
2025-11-19,LOC25,SKU051,62,6.0,121.0,96.0,53,14
2025-01-15,LOC21,SKU002,136,10.0,200.0,125.0,44,15
2025-01-15,LOC25,SKU024,11,0.0,21.0,16.0,9,2
2025-12-03,LOC23,SKU028,44,5.0,118.0,126.0,35,13
2025-08-27,LOC25,SKU040,165,9.0,90.0,161.0,64,20
2025-08-13,LOC20,SKU054,74,26.0,76.0,98.0,33,10
2025-03-26,LOC22,SKU007,181,97.0,211.0,101.0,108,20
2025-02-26,LOC20,SKU054,26,5.0,0.0,63.0,22,10
2025-09-10,LOC24,SKU040,126,66.0,197.0,118.0,31,14
2025-04-23,LOC22,SKU007,377,70.0,438.0,290.0,86,35
2025-06-04,LOC22,SKU016,133,52.0,214.0,177.0,59,18
2025-01-29,LOC21,SKU056,6,0.0,18.0,11.0,8,2
2025-02-12,LOC20,SKU020,263,161.0,137.0,225.0,155,37
2025-09-10,LOC24,SKU025,322,102.0,126.0,285.0,207,37
2025-06-04,LOC24,SKU057,160,24.0,27.0,103.0,51,18
2025-04-23,LOC20,SKU015,245,140.0,99.0,196.0,122,22
2025-10-22,LOC21,SKU048,176,49.0,269.0,136.0,127,23
2025-02-26,LOC24,SKU012,30,18.0,76.0,35.0,26,6
2025-05-07,LOC24,SKU032,97,42.0,148.0,88.0,47,11
2025-02-12,LOC23,SKU050,124,72.0,117.0,117.0,49,21
2025-01-01,LOC25,SKU040,1,0.0,0.0,5.0,5,1
2025-10-22,LOC20,SKU020,108,8.0,221.0,228.0,70,23
2025-07-02,LOC24,SKU002,152,32.0,201.0,289.0,-20,33
2025-08-13,LOC25,SKU058,183,77.0,169.0,139.0,28,14
2025-03-26,LOC25,SKU051,189,42.0,119.0,102.0,58,17
2025-08-27,LOC19,SKU019,176,22.0,267.0,271.0,104,31
2025-11-05,LOC21,SKU040,48,1.0,54.0,88.0,53,9
2025-05-07,LOC20,SKU025,236,71.0,449.0,227.0,166,34
2025-07-16,LOC25,SKU024,78,53.0,170.0,102.0,109,19
2025-11-05,LOC22,SKU060,83,32.0,115.0,162.0,73,18
2025-11-05,LOC24,SKU059,206,113.0,88.0,190.0,114,21
2025-07-30,LOC21,SKU002,265,65.0,477.0,241.0,177,40
2025-01-29,LOC22,SKU059,48,16.0,159.0,72.0,34,12
2025-07-30,LOC19,SKU012,210,117.0,253.0,268.0,171,30
2025-02-26,LOC21,SKU030,76,19.0,48.0,228.0,142,29
2025-06-18,LOC24,SKU012,103,36.0,111.0,233.0,74,24
2025-03-26,LOC21,SKU048,145,8.0,148.0,147.0,82,16
2025-08-13,LOC21,SKU056,140,97.0,201.0,107.0,68,14
2025-05-21,LOC22,SKU060,196,55.0,346.0,203.0,116,24
2025-04-09,LOC21,SKU022,380,200.0,271.0,259.0,269,46
2025-04-09,LOC19,SKU028,88,12.0,23.0,120.0,67,15
2025-09-24,LOC25,SKU024,81,30.0,26.0,46.0,20,7
2025-07-30,LOC23,SKU034,11,4.0,73.0,89.0,51,10
2025-02-12,LOC23,SKU018,104,57.0,76.0,50.0,24,8
2025-06-04,LOC22,SKU014,188,127.0,26.0,209.0,52,26
2025-03-12,LOC20,SKU059,46,15.0,59.0,61.0,38,8
2025-07-16,LOC19,SKU040,143,69.0,21.0,110.0,48,14
2025-01-15,LOC22,SKU025,159,38.0,210.0,174.0,148,31
2025-09-24,LOC24,SKU002,130,46.0,135.0,312.0,103,37
2025-06-18,LOC21,SKU048,321,54.0,183.0,295.0,72,32
2025-12-03,LOC21,SKU022,407,184.0,96.0,213.0,143,37
2025-02-26,LOC25,SKU051,210,87.0,131.0,135.0,112,19
2025-03-12,LOC24,SKU032,33,13.0,70.0,106.0,29,11
2025-10-08,LOC22,SKU007,124,49.0,393.0,146.0,134,29
2025-04-09,LOC20,SKU059,9,2.0,11.0,5.0,5,1
2025-11-05,LOC22,SKU014,228,65.0,356.0,166.0,161,31
2025-02-12,LOC19,SKU040,106,5.0,132.0,160.0,92,20
2025-10-08,LOC20,SKU024,153,38.0,120.0,148.0,133,23
2025-07-30,LOC24,SKU031,132,14.0,124.0,164.0,109,27
2025-06-18,LOC23,SKU050,134,69.0,29.0,145.0,68,16
2025-05-07,LOC20,SKU057,172,36.0,156.0,152.0,71,19
2025-02-12,LOC20,SKU025,327,174.0,235.0,300.0,91,32
2025-04-09,LOC24,SKU002,97,13.0,218.0,302.0,206,35
2025-01-01,LOC20,SKU057,73,48.0,181.0,82.0,78,16
2025-01-01,LOC25,SKU014,146,78.0,126.0,110.0,104,20
2025-10-08,LOC22,SKU004,48,21.0,411.0,147.0,94,29
2025-11-19,LOC22,SKU060,72,7.0,60.0,168.0,60,18
2025-08-27,LOC21,SKU048,133,55.0,58.0,115.0,29,12
2025-04-09,LOC22,SKU004,180,18.0,201.0,339.0,253,47
2025-06-18,LOC20,SKU054,64,16.0,1.0,97.0,65,12
2025-09-24,LOC20,SKU054,96,15.0,3.0,109.0,54,13
2025-08-13,LOC21,SKU048,173,108.0,104.0,96.0,26,13
2025-08-27,LOC20,SKU057,39,23.0,119.0,223.0,49,23
2025-11-05,LOC25,SKU028,64,17.0,45.0,39.0,16,7
2025-10-08,LOC23,SKU017,26,8.0,30.0,26.0,27,5
2025-10-08,LOC24,SKU012,418,102.0,84.0,217.0,109,32
2025-12-03,LOC21,SKU056,129,43.0,88.0,92.0,41,12
2025-05-21,LOC22,SKU999,176,93.0,117.0,246.0,221,37
2025-08-27,LOC25,SKU024,15,4.0,51.0,110.0,51,12
2025-07-02,LOC19,SKU043,276,66.0,147.0,318.0,193,37
2025-01-15,LOC23,SKU034,134,37.0,378.0,169.0,68,26
2025-04-23,LOC23,SKU024,5,2.0,2.0,7.0,5,1
2025-04-23,LOC23,SKU042,91,20.0,28.0,109.0,60,12
2025-11-05,LOC20,SKU008,197,67.0,90.0,272.0,100,29
2025-09-24,LOC25,SKU040,98,25.0,149.0,57.0,40,11
2025-09-24,LOC20,SKU025,136,39.0,117.0,168.0,65,26
2025-05-21,LOC22,SKU046,70,2.0,26.0,58.0,15,6
2025-08-27,LOC25,SKU046,39,18.0,25.0,60.0,35,7
2025-02-26,LOC20,SKU057,206,124.0,268.0,149.0,65,21
2025-11-05,LOC25,SKU051,179,30.0,253.0,222.0,95,23
2025-05-21,LOC20,SKU008,77,19.0,146.0,296.0,95,33
2025-08-27,LOC24,SKU057,131,88.0,303.0,248.0,94,30
2025-08-13,LOC25,SKU008,533,47.0,371.0,375.0,171,45
2025-03-26,LOC25,SKU037,115,77.0,293.0,188.0,100,21
2025-05-07,LOC23,SKU042,262,71.0,326.0,168.0,134,32
2025-08-13,LOC25,SKU046,79,44.0,172.0,177.0,155,26
2025-09-24,LOC25,SKU028,48,32.0,130.0,82.0,52,11
2025-09-24,LOC24,SKU059,2,1.0,24.0,38.0,13,4
2025-02-12,LOC25,SKU014,174,4.0,134.0,257.0,68,27
2025-05-07,LOC25,SKU014,153,104.0,245.0,157.0,135,25
2025-08-13,LOC20,SKU015,110,10.0,196.0,149.0,60,15
2025-12-03,LOC22,SKU060,209,64.0,123.0,177.0,50,22
2025-09-24,LOC23,SKU050,146,61.0,151.0,259.0,153,28
2025-05-07,LOC24,SKU060,147,26.0,241.0,126.0,55,17
2025-02-12,LOC21,SKU040,30,15.0,37.0,37.0,15,5
2025-08-27,LOC20,SKU004,178,27.0,319.0,251.0,152,26
2025-07-16,LOC20,SKU020,132,7.0,113.0,170.0,91,19
2025-03-12,LOC19,SKU019,117,3.0,36.0,204.0,77,24
2025-01-01,LOC19,SKU043,244,42.0,484.0,323.0,98,34
2025-03-12,LOC22,SKU025,498,160.0,342.0,411.0,189,45
2025-12-03,LOC25,SKU046,0,1.0,92.0,142.0,107,19
2025-07-16,LOC22,SKU025,293,122.0,292.0,167.0,156,30
2025-10-22,LOC19,SKU030,149,49.0,12.0,166.0,86,18
2025-11-19,LOC24,SKU060,155,86.0,123.0,82.0,90,16
2025-10-08,LOC19,SKU012,34,1.0,51.0,31.0,21,4
2025-03-26,LOC25,SKU046,91,38.0,19.0,77.0,22,9
2025-11-05,LOC25,SKU058,288,65.0,162.0,249.0,115,27
2025-09-24,LOC21,SKU030,203,34.0,22.0,142.0,76,16
2025-10-22,LOC19,SKU028,65,8.0,43.0,45.0,37,7
2025-10-08,LOC25,SKU040,12,7.0,10.0,5.0,3,1
2025-06-04,LOC19,SKU028,22,13.0,28.0,59.0,26,6
2025-02-12,LOC19,SKU019,114,78.0,241.0,248.0,57,28
2025-05-21,LOC19,SKU040,36,1.0,78.0,55.0,50,10
2025-02-12,LOC25,SKU008,281,133.0,249.0,313.0,109,46
2025-10-08,LOC20,SKU020,236,96.0,226.0,183.0,80,23
2025-01-15,LOC25,SKU051,83,46.0,33.0,56.0,60,11
2025-11-19,LOC23,SKU026,78,21.0,353.0,271.0,173,31
2025-05-07,LOC21,SKU030,0,1.0,39.0,108.0,45,14
2025-09-24,LOC25,SKU008,379,32.0,316.0,280.0,231,39
2025-01-15,LOC20,SKU059,160,92.0,76.0,127.0,80,21
2025-10-22,LOC25,SKU008,150,80.0,52.0,152.0,55,22
2025-07-02,LOC21,SKU022,288,64.0,17.0,311.0,162,36
2025-08-13,LOC23,SKU050,187,127.0,92.0,196.0,114,31
2025-07-02,LOC24,SKU040,29,3.0,167.0,86.0,75,13
2025-10-22,LOC22,SKU060,223,37.0,120.0,129.0,59,23
2025-09-24,LOC22,SKU004,281,56.0,55.0,275.0,124,32
2025-07-02,LOC19,SKU028,100,7.0,77.0,72.0,28,9
2025-03-26,LOC24,SKU057,11,4.0,50.0,180.0,110,22
2025-04-23,LOC19,SKU043,270,98.0,346.0,170.0,154,32
2025-12-03,LOC19,SKU019,120,81.0,4.0,156.0,91,18
2025-09-10,LOC25,SKU040,4,1.0,58.0,39.0,10,5
2025-03-12,LOC23,SKU026,657,384.0,26.0,407.0,185,42
2025-03-26,LOC19,SKU030,264,157.0,135.0,173.0,98,24
2025-12-03,LOC25,SKU024,109,66.0,203.0,91.0,78,16
2025-08-27,LOC19,SKU012,45,5.0,9.0,211.0,83,28
2025-06-04,LOC25,SKU024,11,5.0,6.0,6.0,5,1
2025-03-12,LOC25,SKU040,123,79.0,113.0,91.0,62,11
2025-04-09,LOC99,SKU012,105,64.0,70.0,84.0,30,13
2025-10-08,LOC24,SKU032,89,49.0,73.0,99.0,57,13
2025-04-09,LOC22,SKU060,202,7.0,302.0,278.0,162,34
2025-05-21,LOC21,SKU040,5,1.0,0.0,8.0,3,1
2025-09-10,LOC20,SKU024,5,0.0,0.0,5.0,5,1
2025-06-04,LOC24,SKU031,211,104.0,37.0,276.0,117,34
2025-06-04,LOC24,SKU002,200,109.0,143.0,232.0,85,26
2025-06-18,LOC25,SKU058,152,19.0,70.0,159.0,112,25
2025-02-26,LOC22,SKU014,148,51.0,521.0,336.0,112,49
2025-09-10,LOC22,SKU014,242,108.0,315.0,250.0,143,28
2025-07-30,LOC25,SKU008,423,49.0,8.0,168.0,113,30
2025-09-24,LOC21,SKU048,47,20.0,198.0,211.0,113,26
2025-06-04,LOC21,SKU056,138,54.0,120.0,95.0,26,10
2025-07-16,LOC19,SKU030,95,65.0,139.0,158.0,99,27
2025-07-02,LOC20,SKU008,227,138.0,11.0,175.0,51,23
2025-12-03,LOC25,SKU008,349,114.0,497.0,425.0,195,47
2025-01-15,LOC20,SKU008,238,58.0,226.0,153.0,139,28
2025-11-19,LOC21,SKU002,149,64.0,528.0,344.0,184,42
2025-02-26,LOC25,SKU028,123,17.0,142.0,147.0,44,16
2025-02-26,LOC25,SKU024,155,62.0,209.0,102.0,73,17
2025-12-03,LOC22,SKU059,102,46.0,194.0,122.0,58,19
2025-07-16,LOC23,SKU024,16,1.0,21.0,16.0,7,2
2025-12-03,LOC22,SKU040,97,2.0,168.0,98.0,71,17
2025-08-13,LOC19,SKU040,277,101.0,252.0,214.0,132,23
2025-04-23,LOC20,SKU004,102,9.0,21.0,172.0,120,28
2025-08-13,LOC22,SKU016,212,19.0,384.0,189.0,68,26
2025-02-12,LOC21,SKU002,216,104.0,298.0,305.0,80,37
2025-01-15,LOC19,SKU019,93,7.0,34.0,90.0,50,15
2025-06-04,LOC23,SKU018,106,36.0,49.0,134.0,40,16
2025-05-07,LOC22,SKU059,94,54.0,146.0,80.0,25,10
2025-01-29,LOC20,SKU004,191,118.0,166.0,192.0,172,29
2025-04-23,LOC22,SKU040,53,14.0,49.0,74.0,45,9
2025-08-27,LOC19,SKU043,254,63.0,382.0,292.0,120,37
2025-09-24,LOC23,SKU017,135,82.0,234.0,158.0,49,17
2025-09-10,LOC20,SKU008,296,15.0,367.0,367.0,139,41
2025-08-13,LOC24,SKU057,112,76.0,89.0,119.0,92,18
2025-02-26,LOC21,SKU048,214,125.0,424.0,244.0,180,32
2025-07-16,LOC22,SKU032,120,31.0,215.0,128.0,48,18
2025-03-26,LOC22,SKU014,229,86.0,167.0,233.0,103,24
2025-09-24,LOC25,SKU014,159,16.0,54.0,177.0,71,35
2025-01-01,LOC20,SKU024,172,36.0,84.0,112.0,60,16
2025-05-07,LOC25,SKU037,251,8.0,207.0,196.0,133,29
2025-02-12,LOC20,SKU057,223,117.0,67.0,279.0,67,29
2025-08-27,LOC20,SKU008,357,32.0,430.0,284.0,115,42
2025-07-30,LOC23,SKU050,152,73.0,59.0,152.0,95,21
2025-07-02,LOC22,SKU046,51,28.0,26.0,115.0,61,12
2025-05-21,LOC24,SKU031,330,103.0,284.0,345.0,98,36
2025-07-30,LOC25,SKU040,201,87.0,84.0,152.0,75,17
2025-05-21,LOC24,SKU040,67,11.0,217.0,94.0,35,15
2025-02-12,LOC21,SKU056,68,7.0,66.0,83.0,52,13
2025-06-04,LOC24,SKU060,109,61.0,272.0,122.0,82,19
2025-07-30,LOC23,SKU017,205,12.0,205.0,131.0,56,22
2025-09-24,LOC21,SKU040,48,19.0,78.0,133.0,66,16
2025-10-08,LOC24,SKU040,19,7.0,14.0,33.0,23,5
2025-09-10,LOC24,SKU031,175,76.0,182.0,183.0,81,22
2025-07-30,LOC19,SKU030,13,5.0,66.0,37.0,28,7
2025-01-15,LOC23,SKU050,65,31.0,216.0,158.0,76,17
2025-06-04,LOC21,SKU002,123,82.0,179.0,265.0,60,30
2025-01-01,LOC23,SKU042,27,5.0,6.0,85.0,43,9
2025-10-22,LOC23,SKU050,75,2.0,157.0,76.0,58,11
2025-01-29,LOC24,SKU012,205,139.0,186.0,221.0,83,25
2025-09-24,LOC25,SKU037,120,1.0,186.0,172.0,99,20
2025-09-24,LOC19,SKU030,115,52.0,311.0,185.0,65,22
2025-08-13,LOC22,SKU014,252,39.0,43.0,230.0,221,37
2025-08-27,LOC25,SKU058,222,19.0,323.0,161.0,118,26
2025-07-02,LOC22,SKU032,9,1.0,9.0,9.0,3,1
2025-10-08,LOC22,SKU046,50,28.0,66.0,92.0,37,11
2025-12-03,LOC22,SKU016,133,78.0,191.0,98.0,73,19
2025-11-19,LOC25,SKU014,199,32.0,184.0,218.0,107,33
2025-01-29,LOC20,SKU020,162,0.0,236.0,172.0,91,23
2025-11-05,LOC24,SKU012,274,10.0,370.0,226.0,119,25
2025-10-08,LOC24,SKU019,264,15.0,368.0,269.0,98,29
2025-08-27,LOC22,SKU007,157,62.0,22.0,161.0,106,19
2025-07-30,LOC23,SKU028,26,10.0,23.0,47.0,29,5
2025-07-02,LOC23,SKU017,66,8.0,18.0,58.0,32,10
2025-03-26,LOC22,SKU025,233,108.0,246.0,185.0,104,27
2025-09-24,LOC25,SKU058,62,3.0,30.0,100.0,54,14
2025-09-24,LOC19,SKU043,173,84.0,247.0,239.0,183,33
2025-03-12,LOC24,SKU019,191,4.0,107.0,314.0,125,32
2025-08-13,LOC24,SKU060,224,92.0,263.0,126.0,91,22
2025-05-21,LOC22,SKU014,233,85.0,278.0,127.0,74,24
2025-08-13,LOC22,SKU060,97,25.0,6.0,160.0,41,19
2025-10-22,LOC20,SKU019,116,10.0,75.0,136.0,59,17
2025-05-07,LOC23,SKU028,94,2.0,40.0,68.0,37,8
2025-10-22,LOC21,SKU040,5,1.0,13.0,5.0,3,1
2025-05-21,LOC20,SKU024,69,34.0,24.0,93.0,94,16
2025-02-26,LOC22,SKU025,139,1.0,162.0,177.0,142,26
2025-11-05,LOC20,SKU004,120,69.0,4.0,287.0,111,29
2025-12-03,LOC25,SKU037,19,5.0,29.0,52.0,46,8
,LOC19,SKU028,118,76.0,89.0,103.0,35,12
2025-08-13,LOC22,SKU032,47,6.0,208.0,117.0,55,14
2025-03-26,LOC20,SKU059,36,10.0,69.0,65.0,30,7
2025-11-19,LOC22,SKU016,68,20.0,250.0,90.0,82,17
2025-10-08,LOC25,SKU028,8,1.0,11.0,6.0,3,1
2025-03-12,LOC21,SKU056,8,3.0,6.0,9.0,3,1
2025-07-16,LOC21,SKU002,198,49.0,235.0,138.0,101,19
2025-03-26,LOC20,SKU025,138,21.0,338.0,228.0,132,30
2025-03-26,LOC22,SKU004,375,187.0,57.0,253.0,140,34
2025-01-01,LOC20,SKU004,98,48.0,205.0,257.0,136,30
2025-11-05,LOC19,SKU040,107,37.0,159.0,152.0,121,22
2025-09-24,LOC24,SKU032,86,43.0,25.0,96.0,23,10
2025-03-12,LOC23,SKU018,48,21.0,88.0,55.0,20,6
2025-07-30,LOC25,SKU051,151,15.0,377.0,140.0,102,26
2025-01-15,LOC23,SKU028,154,11.0,111.0,162.0,60,17
2025-06-04,LOC19,SKU043,262,84.0,399.0,287.0,81,31
2025-06-04,LOC20,SKU024,86,33.0,35.0,41.0,14,6
2025-01-15,LOC22,SKU016,83,23.0,143.0,183.0,47,19
2025-09-10,LOC21,SKU048,78,9.0,12.0,121.0,33,13
2025-06-04,LOC19,SKU012,118,34.0,194.0,113.0,80,16
2025-11-05,LOC22,SKU040,134,36.0,92.0,168.0,85,19
2025-02-26,LOC20,SKU008,331,124.0,76.0,193.0,108,35
2025-06-04,LOC19,SKU040,58,10.0,198.0,130.0,69,14
2025-02-26,LOC25,SKU014,144,19.0,28.0,180.0,108,31
2025-04-23,LOC23,SKU028,58,7.0,12.0,89.0,43,9
2025-07-30,LOC19,SKU028,39,10.0,121.0,101.0,94,18
2025-08-13,LOC19,SKU019,70,8.0,190.0,162.0,54,18
2025-07-30,LOC24,SKU060,65,24.0,58.0,86.0,26,13
2025-03-26,LOC24,SKU031,160,105.0,15.0,172.0,52,24
2025-02-26,LOC24,SKU019,117,21.0,52.0,121.0,79,14
2025-11-19,LOC19,SKU043,327,76.0,487.0,301.0,86,41
2025-06-18,LOC22,SKU004,192,25.0,156.0,230.0,129,25
2025-01-29,LOC24,SKU059,97,33.0,117.0,105.0,36,15
2025-03-12,LOC22,SKU032,62,19.0,35.0,110.0,46,13
2025-02-26,LOC23,SKU024,139,78.0,93.0,112.0,88,20
2025-05-07,LOC21,SKU056,12,4.0,52.0,45.0,14,5
2025-06-18,LOC25,SKU046,125,26.0,163.0,80.0,58,12
2025-07-30,LOC21,SKU056,123,38.0,62.0,137.0,59,16
2025-03-12,LOC22,SKU040,202,22.0,166.0,206.0,66,25
2025-01-29,LOC24,SKU060,51,13.0,138.0,90.0,33,12
2025-08-13,LOC24,SKU059,429,71.0,240.0,275.0,61,28
2025-09-10,LOC19,SKU019,110,19.0,2.0,140.0,50,16
2025-05-21,LOC20,SKU059,34,12.0,24.0,56.0,38,7
2025-02-12,LOC22,SKU046,144,65.0,37.0,209.0,58,22
2025-11-19,LOC24,SKU031,159,73.0,172.0,274.0,129,29
2025-01-29,LOC22,SKU007,236,153.0,452.0,227.0,155,33
2025-09-10,LOC22,SKU025,198,75.0,31.0,269.0,197,41
2025-08-13,LOC20,SKU057,96,66.0,61.0,113.0,68,13
2025-05-21,LOC24,SKU060,60,29.0,18.0,50.0,48,10
2025-09-24,LOC23,SKU042,62,33.0,142.0,92.0,42,10
2025-12-03,LOC19,SKU043,235,86.0,124.0,275.0,73,28
2025-04-23,LOC22,SKU060,5000,23.0,113.0,200.0,111,23
2025-04-23,LOC25,SKU024,117,65.0,23.0,78.0,39,1
2025-02-12,LOC24,SKU040,75,26.0,35.0,138.0,79,16
2025-07-16,LOC23,SKU028,248,114.0,314.0,152.0,121,21
2025-07-16,LOC20,SKU054,4,1.0,13.0,8.0,2,1
2025-08-27,LOC23,SKU042,184,61.0,158.0,171.0,155,28
2025-10-08,LOC22,SKU060,128,41.0,130.0,183.0,92,23
2025-08-27,LOC24,SKU025,217,121.0,316.0,195.0,153,39
2025-01-01,LOC22,SKU004,208,92.0,98.0,388.0,196,40
2025-01-29,LOC22,SKU032,360,161.0,20.0,196.0,64,24
2025-06-18,LOC19,SKU030,236,130.0,333.0,263.0,95,30
2025-02-26,LOC24,SKU032,31,5.0,52.0,71.0,66,12
2025-02-26,LOC19,SKU043,510,165.0,217.0,316.0,230,40
2025-05-21,LOC20,SKU019,63,22.0,47.0,142.0,48,16
2025-02-26,LOC20,SKU059,18,9.0,26.0,10.0,11,2
2025-05-21,LOC23,SKU028,106,42.0,131.0,116.0,69,15
2025-05-07,LOC19,SKU043,75,5.0,246.0,144.0,148,26
2025-08-27,LOC23,SKU050,9,2.0,14.0,9.0,4,1
2025-05-07,LOC23,SKU018,63,13.0,74.0,70.0,57,14
2025-10-22,LOC20,SKU025,210,142.0,375.0,359.0,111,41
2025-01-29,LOC19,SKU012,108,23.0,129.0,152.0,96,17
2025-08-27,LOC21,SKU002,349,27.0,22.0,404.0,230,43
2025-03-12,LOC20,SKU024,81,41.0,107.0,63.0,27,9
2025-03-12,LOC23,SKU050,59,29.0,122.0,139.0,39,16
2025-06-04,LOC22,SKU007,108,23.0,205.0,245.0,121,26
2025-04-09,LOC19,SKU043,268,89.0,262.0,166.0,116,25
2025-05-07,LOC25,SKU051,323,100.0,90.0,284.0,156,33
2025-01-29,LOC21,SKU044,489,100.0,441.0,207.0,134,40
2025-04-23,LOC20,SKU008,285,156.0,115.0,341.0,170,39
2025-04-23,LOC24,SKU002,124,22.0,18.0,111.0,37,17
2025-11-05,LOC20,SKU059,48,13.0,23.0,28.0,27,5
2025-04-09,LOC21,SKU044,112,67.0,130.0,213.0,104,27
2025-07-16,LOC24,SKU002,0,1.0,373.0,175.0,126,28
2025-12-03,LOC24,SKU057,99,36.0,298.0,102.0,100,20
2025-06-18,LOC25,SKU040,142,10.0,2.0,219.0,137,25
2025-06-04,LOC22,SKU060,121,33.0,133.0,118.0,73,21
2025-01-29,LOC20,SKU025,256,96.0,133.0,330.0,203,40
2025-10-08,LOC19,SKU019,162,13.0,84.0,189.0,116,24
2025-10-22,LOC25,SKU040,99,43.0,35.0,68.0,46,9
2025-05-07,LOC24,SKU012,361,55.0,136.0,286.0,124,31
2025-03-12,LOC23,SKU024,110,22.0,140.0,91.0,64,11
2025-07-30,LOC25,SKU058,0,1.0,59.0,63.0,24,7
2025-10-22,LOC24,SKU012,231,115.0,225.0,167.0,52,21
2025-11-19,LOC23,SKU018,202,127.0,300.0,222.0,102,26
2025-10-22,LOC22,SKU016,231,111.0,241.0,192.0,113,20
2025-05-07,LOC20,SKU059,29,15.0,7.0,27.0,12,3
2025-06-04,LOC20,SKU054,10,2.0,10.0,6.0,5,1
2025-02-12,LOC21,SKU044,242,60.0,130.0,184.0,143,28
2025-10-08,LOC22,SKU016,223,111.0,322.0,154.0,51,23
2025-08-27,LOC21,SKU040,97,5.0,93.0,69.0,21,8
2025-04-09,LOC19,SKU040,138,7.0,20.0,121.0,75,18
2025-11-19,LOC22,SKU040,7,3.0,5.0,11.0,9,2
2025-05-21,LOC22,SKU059,15,7.0,28.0,35.0,21,4
2025-01-15,LOC23,SKU017,101,43.0,49.0,106.0,90,16
2025-05-07,LOC19,SKU028,49,11.0,110.0,58.0,49,9
2025-10-08,LOC22,SKU014,211,48.0,372.0,171.0,121,32
2025-01-29,LOC23,SKU017,179,14.0,116.0,119.0,81,14
2025-03-26,LOC20,SKU020,90,47.0,21.0,78.0,75,15
2025-03-26,LOC24,SKU060,234,86.0,445.0,278.0,76,30
2025-10-08,LOC24,SKU057,64,1.0,3.0,229.0,136,24
2025-04-09,LOC21,SKU030,371,240.0,40.0,242.0,114,25
2025-04-23,LOC24,SKU025,260,171.0,37.0,174.0,58,25
2025-10-22,LOC25,SKU028,47,17.0,5.0,54.0,30,7
2025-12-03,LOC20,SKU019,137,10.0,79.0,185.0,107,20
2025-09-10,LOC20,SKU025,121,62.0,340.0,184.0,180,32
2025-04-09,LOC22,SKU032,13,3.0,32.0,16.0,8,3
2025-01-29,LOC19,SKU043,357,235.0,227.0,316.0,194,33
2025-03-26,LOC20,SKU057,273,25.0,27.0,157.0,79,31
2025-10-22,LOC22,SKU046,4,1.0,11.0,9.0,3,1
2025-10-22,LOC25,SKU024,138,27.0,175.0,146.0,61,18
2025-11-05,LOC24,SKU019,88,16.0,110.0,97.0,29,10
2025-08-27,LOC22,SKU032,135,51.0,13.0,78.0,32,12
2025-09-24,LOC20,SKU015,150,81.0,64.0,67.0,51,10
2025-05-21,LOC24,SKU025,131,8.0,248.0,115.0,113,19
2025-07-16,LOC25,SKU028,77,42.0,127.0,88.0,33,10
2025-07-02,LOC25,SKU046,35,11.0,91.0,96.0,56,17
2025-06-18,LOC23,SKU026,170,96.0,126.0,244.0,89,28
2025-07-16,LOC24,SKU040,5,0.0,8.0,11.0,4,2
2025-02-26,LOC20,SKU004,414,191.0,266.0,224.0,77,35
2025-05-07,LOC20,SKU054,71,17.0,157.0,97.0,49,12
2025-11-05,LOC24,SKU032,38,14.0,49.0,42.0,42,8
2025-01-15,LOC21,SKU040,154,27.0,15.0,136.0,42,17
2025-08-27,LOC25,SKU037,144,4.0,221.0,132.0,59,23
2025-11-05,LOC20,SKU020,299,49.0,278.0,245.0,123,31
2025-05-07,LOC23,SKU017,121,52.0,158.0,103.0,62,12
2025-07-30,LOC24,SKU059,91,7.0,39.0,85.0,63,13
2025-11-19,LOC25,SKU046,29,12.0,24.0,74.0,19,9
2025-09-10,LOC25,SKU037,259,120.0,79.0,191.0,47,21
2025-07-30,LOC22,SKU059,207,36.0,295.0,178.0,60,22
2025-02-26,LOC24,SKU060,56,29.0,60.0,44.0,41,8
2025-11-19,LOC20,SKU025,107,30.0,195.0,117.0,104,23
2025-08-13,LOC19,SKU043,415,93.0,385.0,328.0,162,37
2025-03-12,LOC23,SKU042,43,19.0,156.0,167.0,87,22
2025-05-07,LOC22,SKU032,87,10.0,159.0,125.0,40,15
2025-11-19,LOC25,SKU040,54,13.0,23.0,31.0,16,4
2025-08-27,LOC20,SKU025,205,25.0,302.0,174.0,121,30
2025-05-07,LOC20,SKU020,225,2.0,307.0,234.0,57,27
2025-04-09,LOC20,SKU025,210,29.0,270.0,282.0,95,30
2025-03-26,LOC21,SKU044,173,113.0,241.0,133.0,132,26
2025-03-12,LOC24,SKU002,418,211.0,63.0,210.0,221,38
2025-06-18,LOC23,SKU017,256,104.0,98.0,192.0,169,30
2025-11-05,LOC22,SKU025,166,32.0,116.0,239.0,109,32
2025-06-04,LOC20,SKU059,133,37.0,82.0,107.0,80,17
2025-11-19,LOC19,SKU012,107,71.0,57.0,170.0,94,19
2025-05-07,LOC20,SKU008,153,106.0,142.0,163.0,72,32
2025-03-12,LOC21,SKU040,81,35.0,146.0,68.0,43,13
2025-03-12,LOC19,SKU040,117,20.0,110.0,61.0,62,12
2025-10-22,LOC24,SKU032,137,1.0,146.0,101.0,26,12
2025-07-30,LOC23,SKU024,19,0.0,20.0,16.0,8,3
2025-01-01,LOC23,SKU018,78,30.0,32.0,181.0,115,21
2025-01-29,LOC20,SKU059,190,107.0,30.0,190.0,69,20
2025-02-26,LOC22,SKU007,559,27.0,50.0,436.0,168,54
2025-07-02,LOC23,SKU034,173,69.0,21.0,146.0,86,29
2025-12-03,LOC20,SKU004,258,47.0,366.0,340.0,153,36
2025-07-02,LOC25,SKU008,214,5.0,83.0,194.0,92,32
2025-01-29,LOC19,SKU040,152,35.0,77.0,118.0,58,12
2025-05-07,LOC19,SKU012,63,20.0,59.0,84.0,56,10
2025-05-21,LOC21,SKU044,169,88.0,39.0,285.0,134,31
2025-07-16,LOC22,SKU060,174,28.0,231.0,110.0,66,17
2025-06-18,LOC21,SKU030,31,3.0,17.0,82.0,51,9
2025-05-07,LOC19,SKU040,13,2.0,4.0,6.0,5,1
2025-01-29,LOC24,SKU040,104,4.0,124.0,103.0,48,12
2025-10-22,LOC23,SKU028,36,6.0,8.0,102.0,26,11
2025-08-27,LOC22,SKU025,176,21.0,449.0,180.0,92,31
2025-02-12,LOC19,SKU028,92,32.0,108.0,58.0,27,10
2025-08-13,LOC22,SKU025,121,80.0,183.0,285.0,87,29
2025-03-26,LOC23,SKU028,112,3.0,95.0,120.0,57,16
2025-03-12,LOC25,SKU028,4,1.0,10.0,6.0,4,1
2025-02-26,LOC20,SKU020,171,54.0,104.0,239.0,85,24
2025-08-13,LOC24,SKU002,137,90.0,183.0,184.0,129,22
2025-08-27,LOC23,SKU018,102,13.0,46.0,65.0,40,9
2025-06-04,LOC22,SKU004,321,200.0,359.0,390.0,154,45
2025-12-03,LOC23,SKU034,73,5.0,21.0,54.0,24,10
2025-07-30,LOC24,SKU019,26,7.0,28.0,44.0,16,5
2025-10-22,LOC19,SKU012,61,39.0,134.0,177.0,66,21
2025-05-07,LOC24,SKU002,334,175.0,218.0,220.0,193,40
2025-04-23,LOC23,SKU050,47,7.0,16.0,83.0,64,11
2025-08-27,LOC24,SKU031,176,120.0,164.0,331.0,74,35
2025-01-01,LOC22,SKU025,237,139.0,274.0,170.0,62,28
2025-12-03,LOC21,SKU040,82,33.0,211.0,128.0,95,17
2025-04-09,LOC25,SKU024,135,41.0,82.0,117.0,55,15
2025-03-12,LOC25,SKU051,58,16.0,165.0,115.0,63,12
2025-01-01,LOC22,SKU060,197,90.0,305.0,257.0,138,26
2025-08-13,LOC20,SKU019,118,59.0,100.0,156.0,69,20
2025-05-07,LOC25,SKU046,38,21.0,44.0,49.0,16,5
2025-12-03,LOC23,SKU017,20,12.0,19.0,10.0,5,2
2025-01-01,LOC23,SKU034,120,56.0,228.0,123.0,67,16
2025-05-07,LOC20,SKU015,115,39.0,272.0,131.0,46,20
2025-02-26,LOC20,SKU015,39,21.0,230.0,221.0,54,26
2025-01-29,LOC25,SKU008,222,61.0,474.0,190.0,198,35
2025-05-21,LOC20,SKU015,58,6.0,-40.0,42.0,36,8
2025-06-18,LOC23,SKU024,48,6.0,137.0,66.0,43,12
2025-07-16,LOC24,SKU059,67,27.0,72.0,43.0,18,8
2025-09-10,LOC22,SKU004,247,130.0,159.0,118.0,61,23
2025-11-05,LOC21,SKU048,54,13.0,171.0,132.0,48,17
2025-05-07,LOC21,SKU002,263,108.0,413.0,259.0,115,32
2025-12-03,LOC24,SKU025,274,34.0,336.0,285.0,131,32
2025-07-02,LOC21,SKU056,7,1.0,11.0,5.0,2,1
2025-11-19,LOC21,SKU056,89,29.0,64.0,79.0,42,8
2025-03-26,LOC25,SKU008,328,21.0,228.0,263.0,171,34
2025-03-12,LOC22,SKU014,292,62.0,346.0,245.0,62,31
2025-04-09,LOC24,SKU057,161,53.0,148.0,149.0,79,16
2025-03-12,LOC24,SKU040,55,8.0,109.0,73.0,43,10
2025-12-03,LOC20,SKU025,211,88.0,491.0,233.0,189,34
2025-07-02,LOC20,SKU019,175,1.0,49.0,171.0,58,26
2025-09-10,LOC23,SKU024,48,6.0,165.0,77.0,26,12
2025-04-09,LOC20,SKU054,122,15.0,30.0,57.0,61,11
2025-05-07,LOC20,SKU019,236,41.0,168.0,160.0,59,28
2025-05-07,LOC20,SKU004,168,116.0,95.0,156.0,92,22
2025-07-16,LOC19,SKU019,82,19.0,1.0,183.0,94,21
2025-12-03,LOC21,SKU002,110,63.0,481.0,335.0,133,38
2025-10-08,LOC24,SKU031,353,132.0,28.0,318.0,123,36
2025-09-24,LOC23,SKU026,187,47.0,197.0,263.0,156,29
2025-02-12,LOC25,SKU024,94,12.0,138.0,60.0,38,11
2025-06-04,LOC20,SKU004,352,96.0,154.0,271.0,184,36
2025-07-02,LOC20,SKU057,38,6.0,32.0,43.0,33,6
2025-08-13,LOC24,SKU040,97,33.0,69.0,119.0,52,12
2025-08-27,LOC22,SKU040,19,9.0,89.0,46.0,14,6
2025-01-15,LOC24,SKU059,59,12.0,79.0,180.0,100,21
2025-03-26,LOC24,SKU002,199,17.0,315.0,158.0,123,26
2025-05-07,LOC23,SKU034,161,70.0,225.0,165.0,114,23
2025-08-13,LOC22,SKU046,4,1.0,3.0,5.0,4,1
2025-02-12,LOC20,SKU024,26,9.0,31.0,40.0,23,6
2025-09-24,LOC24,SKU040,112,22.0,49.0,153.0,80,16
2025-07-02,LOC19,SKU030,58,14.0,21.0,37.0,22,6
2025-04-23,LOC25,SKU014,197,1.0,403.0,397.0,150,45
2025-06-18,LOC20,SKU004,439,77.0,21.0,357.0,108,40
2025-06-04,LOC19,SKU030,100,27.0,205.0,201.0,112,22
2025-01-15,LOC25,SKU028,83,25.0,139.0,88.0,68,12
2025-11-05,LOC22,SKU046,143,52.0,188.0,178.0,41,19
2025-10-08,LOC25,SKU008,129,65.0,351.0,262.0,131,32
2025-07-30,LOC21,SKU044,44,11.0,172.0,204.0,85,22
2025-06-04,LOC21,SKU022,245,114.0,447.0,378.0,190,39
2025-11-05,LOC20,SKU057,34,18.0,86.0,42.0,23,8
2025-05-21,LOC20,SKU057,117,2.0,178.0,99.0,43,17
2025-08-27,LOC20,SKU019,119,25.0,131.0,108.0,38,11
2025-11-19,LOC24,SKU040,205,64.0,51.0,137.0,70,16
2025-09-10,LOC23,SKU018,118,65.0,10.0,138.0,82,15
2025-02-26,LOC24,SKU002,243,103.0,333.0,224.0,164,31
2025-06-18,LOC20,SKU015,1,1.0,136.0,58.0,41,10
2025-03-26,LOC20,SKU015,234,1.0,135.0,203.0,76,22
2025-05-21,LOC24,SKU057,124,27.0,223.0,91.0,73,16
2025-01-01,LOC20,SKU015,222,70.0,175.0,159.0,91,28
2025-01-01,LOC24,SKU059,46,12.0,58.0,50.0,36,7
2025-03-12,LOC25,SKU037,118,7.0,205.0,156.0,95,17
2025-09-24,LOC22,SKU032,5,1.0,1.0,9.0,3,1
2025-07-30,LOC20,SKU025,208,29.0,174.0,299.0,113,30
2025-12-03,LOC25,SKU058,194,81.0,343.0,156.0,81,24
2025-02-12,LOC24,SKU012,108,63.0,221.0,198.0,86,24
2025-11-05,LOC21,SKU022,209,70.0,29.0,241.0,216,37
2025-01-01,LOC22,SKU032,8,1.0,5.0,8.0,4,1
2025-12-03,LOC25,SKU028,193,104.0,22.0,170.0,81,20
2025-08-27,LOC20,SKU054,192,102.0,107.0,215.0,66,25
2025-07-02,LOC22,SKU060,188,65.0,359.0,133.0,95,24
2025-05-21,LOC20,SKU025,237,148.0,535.0,249.0,144,36
2025-07-02,LOC23,SKU028,10,3.0,7.0,32.0,16,4
2025-07-02,LOC24,SKU019,124,53.0,195.0,201.0,107,25
2025-05-21,LOC23,SKU026,410,22.0,195.0,223.0,139,29
2025-07-16,LOC19,SKU012,104,70.0,163.0,116.0,39,12
2025-02-26,LOC25,SKU008,316,86.0,34.0,241.0,140,31
2025-01-01,LOC25,SKU028,52,8.0,89.0,36.0,33,6
2025-03-12,LOC23,SKU017,49,20.0,80.0,42.0,31,7
2025-05-07,LOC25,SKU040,43,16.0,13.0,33.0,22,4
2025-01-01,LOC25,SKU024,13,5.0,43.0,31.0,13,4
2025-01-15,LOC24,SKU019,183,108.0,114.0,167.0,85,26
2025-03-12,LOC23,SKU028,22,7.0,71.0,65.0,53,9
2025-01-01,LOC22,SKU040,4,1.0,0.0,9.0,4,1
2025-07-02,LOC21,SKU040,93,7.0,174.0,82.0,42,12
2025-02-12,LOC24,SKU002,197,113.0,407.0,348.0,178,35
2025-01-29,LOC21,SKU022,227,26.0,63.0,254.0,73,29
2025-07-16,LOC22,SKU046,102,17.0,91.0,74.0,78,14
2025-07-16,LOC21,SKU044,247,128.0,244.0,165.0,162,32
2025-01-15,LOC23,SKU018,238,43.0,139.0,146.0,80,26
2025-11-19,LOC21,SKU022,205,41.0,57.0,419.0,213,46
2025-06-18,LOC21,SKU022,317,166.0,287.0,283.0,94,38
2025-01-01,LOC21,SKU048,174,22.0,47.0,89.0,88,15
2025-10-22,LOC22,SKU025,403,48.0,374.0,230.0,95,40
2025-04-23,LOC22,SKU059,111,16.0,17.0,108.0,50,15
2025-07-16,LOC21,SKU040,25,11.0,27.0,28.0,13,3
2025-09-10,LOC22,SKU032,6,2.0,3.0,8.0,2,1
2025-10-22,LOC22,SKU014,361,20.0,256.0,272.0,142,32
2025-07-02,LOC24,SKU057,151,11.0,172.0,277.0,160,34
2025-04-23,LOC19,SKU019,387,213.0,73.0,223.0,125,31
2025-09-10,LOC21,SKU030,115,2.0,187.0,111.0,52,15
2025-05-21,LOC22,SKU025,173,105.0,103.0,183.0,43,20
2025-04-09,LOC21,SKU048,21,13.0,82.0,93.0,96,18
2025-10-08,LOC20,SKU015,188,6.0,147.0,136.0,81,22
2025-10-22,LOC24,SKU031,189,52.0,532.0,216.0,219,42
2025-12-03,LOC22,SKU025,140,46.0,481.0,301.0,197,36
2025-08-13,LOC21,SKU040,92,44.0,113.0,88.0,55,10
2025-01-15,LOC21,SKU022,488,88.0,581.0,,280,48
2025-07-16,LOC21,SKU048,78,9.0,2.0,141.0,45,15
2025-01-15,LOC25,SKU040,80,40.0,21.0,56.0,53,11
2025-06-04,LOC24,SKU059,128,75.0,68.0,85.0,63,11
2025-06-04,LOC21,SKU048,68,2.0,117.0,51.0,24,8
2025-02-12,LOC22,SKU014,112,70.0,100.0,123.0,107,19
2025-02-26,LOC22,SKU016,124,20.0,17.0,84.0,36,15
2025-06-04,LOC24,SKU012,105,4.0,207.0,129.0,48,14
2025-03-12,LOC20,SKU020,146,61.0,63.0,100.0,42,18
2025-04-23,LOC23,SKU034,127,42.0,134.0,104.0,54,11
2025-07-02,LOC25,SKU040,16,4.0,44.0,16.0,17,3
2025-06-18,LOC25,SKU024,4,1.0,9.0,9.0,3,1
2025-02-12,LOC20,SKU015,147,67.0,41.0,177.0,127,23
2025-12-03,LOC24,SKU019,64,19.0,80.0,106.0,102,18
2025-01-15,LOC24,SKU060,60,33.0,63.0,44.0,40,7
2025-01-01,LOC24,SKU032,54,3.0,74.0,36.0,23,6
2025-08-13,LOC24,SKU019,125,20.0,192.0,146.0,38,18
2025-02-12,LOC23,SKU026,315,89.0,294.0,141.0,153,26
2025-07-02,LOC22,SKU016,146,44.0,57.0,145.0,81,15
2025-01-01,LOC23,SKU024,43,8.0,122.0,70.0,54,10
2025-05-07,LOC22,SKU060,26,10.0,35.0,47.0,15,5
2025-09-10,LOC20,SKU059,77,3.0,63.0,136.0,53,15
2025-09-24,LOC24,SKU031,296,192.0,140.0,269.0,134,30
2025-12-03,LOC22,SKU032,121,39.0,35.0,103.0,39,15
2025-07-30,LOC22,SKU004,215,31.0,45.0,277.0,97,32
2025-02-12,LOC22,SKU025,157,55.0,62.0,273.0,146,34
2025-01-29,LOC24,SKU031,249,82.0,404.0,225.0,149,34
2025-09-24,LOC19,SKU012,133,73.0,167.0,154.0,68,17
2025-01-15,LOC22,SKU007,97,19.0,246.0,140.0,132,28
2025-10-08,LOC23,SKU018,179,88.0,262.0,171.0,46,19
2025-01-15,LOC21,SKU048,63,3.0,92.0,79.0,24,11
2025-05-07,LOC19,SKU030,135,5.0,220.0,126.0,116,20
2025-10-22,LOC19,SKU019,83,10.0,242.0,114.0,62,17
2025-04-23,LOC21,SKU022,272,95.0,179.0,293.0,74,34
2025-01-29,LOC21,SKU048,126,73.0,33.0,215.0,57,25
2025-02-26,LOC21,SKU056,58,2.0,77.0,49.0,19,8
2025-03-12,LOC25,SKU046,19,4.0,27.0,20.0,13,4
2025-04-09,LOC20,SKU008,169,106.0,426.0,279.0,95,33
2025-06-18,LOC20,SKU008,241,167.0,419.0,210.0,76,32
2025-03-12,LOC24,SKU025,217,137.0,242.0,177.0,159,30
2025-01-15,LOC25,SKU058,203,43.0,177.0,164.0,54,26
2025-06-18,LOC23,SKU034,71,19.0,19.0,133.0,72,14
2025-06-18,LOC24,SKU031,243,57.0,249.0,292.0,184,31
2025-07-02,LOC25,SKU014,181,85.0,274.0,187.0,114,25
2025-07-30,LOC24,SKU032,79,42.0,103.0,51.0,20,10
2025-01-15,LOC24,SKU032,7,2.0,56.0,26.0,14,4
2025-04-09,LOC22,SKU014,131,42.0,206.0,296.0,185,32
2025-01-15,LOC22,SKU014,411,227.0,133.0,208.0,215,36
2025-11-05,LOC22,SKU007,179,119.0,471.0,270.0,162,33
2025-09-10,LOC19,SKU028,29,9.0,66.0,116.0,71,13
2025-11-05,LOC23,SKU034,100,21.0,17.0,107.0,62,18
2025-03-12,LOC20,SKU015,159,25.0,44.0,116.0,106,21
2025-10-22,LOC20,SKU015,262,12.0,144.0,239.0,70,29
2025-10-08,LOC23,SKU050,78,49.0,13.0,123.0,54,22
2025-06-18,LOC20,SKU019,97,2.0,141.0,127.0,38,16
2025-03-26,LOC21,SKU040,109,28.0,254.0,204.0,69,21
2025-02-12,LOC22,SKU040,12,0.0,2.0,8.0,3,1
2025-10-08,LOC21,SKU048,106,36.0,24.0,108.0,43,14
2025-02-26,LOC22,SKU032,144,63.0,70.0,113.0,32,16
2025-03-12,LOC22,SKU060,216,86.0,69.0,132.0,113,23
2025-01-15,LOC21,SKU030,135,55.0,42.0,80.0,89,15
2025-10-08,LOC25,SKU037,98,12.0,99.0,93.0,68,12
2025-06-04,LOC20,SKU019,60,30.0,177.0,119.0,43,17
2025-02-26,LOC19,SKU012,179,61.0,320.0,225.0,89,23
2025-09-10,LOC20,SKU019,180,85.0,103.0,260.0,137,27
2025-08-27,LOC20,SKU020,40,22.0,150.0,96.0,94,17
2025-01-15,LOC25,SKU037,32,16.0,32.0,181.0,118,22
2025-01-15,LOC24,SKU025,157,72.0,278.0,163.0,59,25
2025-07-16,LOC25,SKU046,153,3.0,234.0,152.0,99,18
2025-01-01,LOC24,SKU002,298,79.0,266.0,172.0,95,30
2025-09-10,LOC22,SKU007,348,144.0,239.0,231.0,192,42
2025-04-09,LOC21,SKU040,299,114.0,189.0,116.0,47,21
2025-04-09,LOC25,SKU028,38,8.0,85.0,74.0,44,8
2025-06-18,LOC20,SKU059,40,0.0,50.0,69.0,43,8
2025-06-04,LOC25,SKU014,230,0.0,181.0,234.0,54,24
2025-07-16,LOC24,SKU019,363,205.0,230.0,221.0,95,24
2025-10-08,LOC19,SKU028,121,80.0,230.0,148.0,48,17
2025-07-30,LOC21,SKU022,248,7.0,228.0,225.0,151,30
2025-08-27,LOC21,SKU044,73,6.0,194.0,149.0,55,24
2025-01-15,LOC24,SKU031,439,71.0,409.0,324.0,121,36
2025-01-15,LOC23,SKU026,131,20.0,205.0,215.0,109,24
2025-07-02,LOC20,SKU004,145,60.0,323.0,222.0,120,30
2025-01-15,LOC24,SKU057,123,37.0,194.0,179.0,51,24
2025-04-09,LOC25,SKU058,49,20.0,74.0,106.0,40,20
2025-07-30,LOC19,SKU040,63,9.0,151.0,121.0,58,13
2025-06-04,LOC25,SKU008,183,100.0,373.0,258.0,149,28
2025-08-13,LOC23,SKU026,108,56.0,92.0,166.0,62,17
2025-10-08,LOC23,SKU034,154,93.0,81.0,146.0,107,21
2025-04-09,LOC25,SKU008,87,56.0,51.0,193.0,126,30
2025-06-18,LOC24,SKU060,129,46.0,345.0,150.0,103,26
2025-05-21,LOC19,SKU028,57,19.0,47.0,68.0,35,8
2025-09-10,LOC23,SKU034,139,55.0,175.0,134.0,37,16
2025-07-30,LOC22,SKU060,0,0.0,256.0,187.0,47,20
2025-09-24,LOC19,SKU019,176,38.0,8.0,192.0,94,20
2025-03-26,LOC19,SKU028,13,0.0,11.0,9.0,2,1
2025-10-22,LOC22,SKU059,112,25.0,50.0,78.0,52,9
2025-07-30,LOC24,SKU002,212,52.0,347.0,248.0,120,26
2025-12-03,LOC21,SKU048,227,152.0,158.0,202.0,120,28
2025-01-15,LOC19,SKU028,89,54.0,21.0,79.0,45,10
2025-05-21,LOC19,SKU012,123,53.0,162.0,128.0,60,17
2025-12-03,LOC21,SKU044,217,,522.0,233.0,122,36
2025-06-04,LOC21,SKU040,33,6.0,118.0,56.0,23,9
2025-07-30,LOC23,SKU042,178,66.0,170.0,198.0,70,22
2025-07-30,LOC20,SKU024,63,4.0,128.0,84.0,49,11
2025-01-15,LOC20,SKU015,123,79.0,79.0,129.0,83,23
2025-02-26,LOC21,SKU002,135,45.0,296.0,253.0,161,27
2025-06-18,LOC19,SKU043,153,43.0,75.0,279.0,152,28
2025-11-19,LOC20,SKU019,120,51.0,41.0,105.0,97,17
2025-02-12,LOC19,SKU043,243,114.0,295.0,269.0,203,35
2025-02-12,LOC22,SKU059,13,3.0,18.0,79.0,30,8
2025-01-29,LOC25,SKU028,17,0.0,35.0,20.0,11,3
2025-11-19,LOC19,SKU040,124,47.0,95.0,62.0,23,10
2025-03-26,LOC20,SKU019,43,28.0,212.0,109.0,48,21
2025-10-08,LOC21,SKU040,8,4.0,0.0,9.0,2,1
2025-01-15,LOC19,SKU043,290,177.0,323.0,167.0,84,29
2025-09-24,LOC20,SKU008,376,57.0,393.0,181.0,124,28
2025-02-26,LOC22,SKU004,153,9.0,177.0,190.0,127,35
2025-12-03,LOC20,SKU054,13,8.0,3.0,9.0,2,1
2025-08-27,LOC20,SKU015,138,92.0,155.0,101.0,40,12
2025-01-01,LOC19,SKU012,175,113.0,4.0,169.0,57,22
2025-04-09,LOC22,SKU046,234,146.0,103.0,243.0,122,28
2025-07-16,LOC24,SKU032,25,7.0,9.0,53.0,22,8
2025-06-04,LOC23,SKU042,134,40.0,189.0,123.0,37,16
2025-02-26,LOC21,SKU044,174,12.0,302.0,207.0,96,31
2025-05-07,LOC19,SKU019,87,42.0,191.0,158.0,92,18
2025-03-26,LOC22,SKU046,25,11.0,70.0,35.0,14,5
2025-09-10,LOC25,SKU046,112,4.0,95.0,186.0,77,19
2025-10-08,LOC21,SKU022,158,94.0,42.0,127.0,112,21
2025-05-07,LOC24,SKU031,220,35.0,25.0,379.0,130,46
2025-10-22,LOC22,SKU032,45,17.0,46.0,45.0,45,8
2025-07-02,LOC20,SKU020,269,66.0,118.0,134.0,60,16
2025-04-09,LOC22,SKU016,215,147.0,22.0,84.0,55,13
2025-06-18,LOC22,SKU025,217,51.0,4.0,212.0,81,35
2025-11-19,LOC19,SKU030,279,184.0,356.0,179.0,86,28
2025-01-29,LOC23,SKU026,0,0.0,192.0,170.0,102,24
2025-04-23,LOC25,SKU051,70,16.0,320.0,128.0,90,22
2025-09-10,LOC19,SKU040,85,58.0,104.0,53.0,32,10
2025-06-18,LOC24,SKU040,133,6.0,136.0,89.0,41,12
2025-11-19,LOC20,SKU054,124,63.0,50.0,107.0,67,18
2025-06-18,LOC25,SKU037,100,62.0,216.0,186.0,85,25
2025-04-23,LOC20,SKU020,115,33.0,276.0,118.0,40,20
2025-01-29,LOC21,SKU030,44,25.0,26.0,50.0,16,6
2025-12-03,LOC24,SKU059,58,7.0,136.0,57.0,38,11
2025-06-04,LOC25,SKU058,59,37.0,71.0,133.0,76,19
2025-07-30,LOC22,SKU016,120,83.0,129.0,113.0,74,14
2025-08-27,LOC22,SKU046,103,36.0,178.0,132.0,37,16
2025-07-30,LOC24,SKU057,167,14.0,1.0,170.0,102,18
2025-07-16,LOC19,SKU043,307,88.0,65.0,215.0,98,27
2025-12-03,LOC23,SKU024,129,0.0,34.0,66.0,35,13
2025-01-01,LOC25,SKU046,28,11.0,125.0,109.0,46,13
2025-07-16,LOC24,SKU057,118,29.0,55.0,155.0,70,23
2025-06-04,LOC25,SKU046,71,20.0,117.0,148.0,59,18
2025-09-24,LOC22,SKU007,167,92.0,46.0,134.0,74,17
2025-03-12,LOC21,SKU030,0,0.0,22.0,105.0,47,15
2025-07-02,LOC22,SKU025,358,64.0,532.0,258.0,82,39
2025-06-18,LOC21,SKU044,187,56.0,372.0,184.0,184,32
2025-03-12,LOC22,SKU046,37,3.0,174.0,62.0,47,12
2025-08-27,LOC24,SKU012,133,67.0,227.0,230.0,92,26
2025-09-24,LOC21,SKU056,120,83.0,247.0,149.0,70,18
2025-09-10,LOC25,SKU058,149,10.0,255.0,153.0,64,19
2025-02-26,LOC19,SKU040,48,18.0,30.0,146.0,93,16
2025-09-24,LOC24,SKU012,117,75.0,171.0,182.0,124,26
2025-03-26,LOC23,SKU018,124,84.0,74.0,188.0,83,19
2025-09-10,LOC23,SKU050,22,11.0,19.0,11.0,7,2
2025-07-30,LOC25,SKU028,56,10.0,3.0,42.0,46,8
2025-01-29,LOC24,SKU057,241,64.0,35.0,161.0,124,24
2025-04-23,LOC21,SKU048,55,2.0,107.0,129.0,77,20
2025-09-10,LOC19,SKU043,229,30.0,297.0,169.0,85,23
2025-08-13,LOC25,SKU024,22,10.0,2.0,76.0,30,8
2025-09-10,LOC21,SKU002,232,29.0,488.0,270.0,213,36
2025-11-19,LOC22,SKU059,80,48.0,121.0,156.0,87,16
2025-04-09,LOC22,SKU007,156,80.0,498.0,306.0,139,34
2025-04-23,LOC20,SKU059,44,19.0,33.0,52.0,17,8
2025-10-08,LOC19,SKU030,81,49.0,130.0,140.0,51,18
2025-02-12,LOC24,SKU019,24,0.0,6.0,26.0,23,4
2025-08-27,LOC25,SKU008,309,111.0,331.0,238.0,182,33
2025-02-12,LOC23,SKU042,35,17.0,75.0,44.0,21,6
2025-10-22,LOC24,SKU040,16,2.0,0.0,32.0,17,5
2025-12-03,LOC19,SKU012,79,38.0,68.0,86.0,29,11
2025-02-12,LOC25,SKU040,44,4.0,113.0,83.0,39,11
2025-01-15,LOC24,SKU040,75,31.0,334.0,213.0,151,27
2025-01-29,LOC21,SKU040,22,10.0,42.0,78.0,43,10
2025-07-02,LOC24,SKU025,387,108.0,665.0,274.0,229,46
2025-07-30,LOC22,SKU025,145,75.0,178.0,344.0,121,40
2025-07-30,LOC19,SKU043,257,127.0,298.0,143.0,95,24
2025-06-04,LOC25,SKU037,125,56.0,314.0,166.0,175,31
2025-09-24,LOC21,SKU044,141,42.0,285.0,160.0,117,26
2025-05-07,LOC21,SKU044,31,18.0,26.0,185.0,72,20
2025-07-30,LOC25,SKU046,140,57.0,123.0,111.0,117,20
2025-01-29,LOC20,SKU019,94,60.0,83.0,124.0,30,15
2025-09-10,LOC21,SKU040,138,42.0,49.0,187.0,116,20
2025-07-02,LOC22,SKU059,55,29.0,80.0,43.0,28,6
2025-03-26,LOC23,SKU042,190,91.0,336.0,190.0,96,24
2025-03-26,LOC21,SKU056,267,157.0,353.0,167.0,100,26
2025-04-23,LOC22,SKU032,54,30.0,6.0,68.0,34,8
2025-09-24,LOC21,SKU002,454,11.0,487.0,244.0,177,36
2025-04-23,LOC23,SKU026,194,31.0,92.0,341.0,102,37
2025-12-03,LOC23,SKU042,185,13.0,156.0,215.0,136,24
2025-03-12,LOC25,SKU024,62,29.0,215.0,184.0,57,25
2025-03-26,LOC20,SKU008,263,166.0,430.0,207.0,186,32
2025-01-01,LOC21,SKU010,301,108.0,108.0,267.0,144,34
2025-03-26,LOC21,SKU022,278,79.0,327.0,229.0,118,35
2025-07-16,LOC20,SKU004,305,204.0,92.0,144.0,65,26
2025-07-02,LOC23,SKU042,169,57.0,93.0,325.0,164,35
2025-11-19,LOC24,SKU012,148,11.0,85.0,134.0,50,16
2025-04-09,LOC22,SKU040,180,29.0,210.0,98.0,39,19
2025-10-22,LOC22,SKU007,122,2.0,108.0,173.0,156,32
2025-01-01,LOC21,SKU030,48,16.0,236.0,87.0,39,16
2025-05-21,LOC25,SKU058,0,1.0,167.0,182.0,67,25
2025-11-05,LOC22,SKU004,72,37.0,466.0,356.0,145,42
2025-08-27,LOC24,SKU002,255,93.0,362.0,290.0,158,40
2025-11-05,LOC24,SKU060,64,15.0,163.0,91.0,73,15
2025-01-29,LOC23,SKU024,113,36.0,190.0,91.0,68,15
2025-04-09,LOC20,SKU057,88,32.0,50.0,102.0,52,12
2025-01-29,LOC22,SKU060,33,9.0,25.0,50.0,25,6
2025-09-24,LOC23,SKU034,92,38.0,110.0,101.0,95,16
2025-04-23,LOC24,SKU060,56,25.0,141.0,183.0,81,21
2025-07-16,LOC24,SKU031,353,21.0,448.0,207.0,87,38
2025-06-04,LOC19,SKU019,93,64.0,225.0,129.0,60,18
2025-01-15,LOC20,SKU057,190,85.0,255.0,146.0,127,26
2025-12-03,LOC22,SKU004,0,1.0,115.0,184.0,113,19
2025-02-12,LOC19,SKU030,233,128.0,317.0,217.0,61,23
2025-07-16,LOC24,SKU012,309,204.0,225.0,212.0,134,26
2025-08-27,LOC22,SKU004,286,48.0,284.0,169.0,89,30
2025-07-02,LOC24,SKU059,45,3.0,14.0,198.0,80,20
2025-03-26,LOC20,SKU004,255,114.0,111.0,178.0,192,33
2025-02-26,LOC25,SKU037,99,31.0,2.0,102.0,78,16
2025-01-15,LOC19,SKU012,70,16.0,41.0,109.0,31,12
2025-07-02,LOC23,SKU050,65,24.0,17.0,66.0,40,7
2025-01-29,LOC25,SKU037,67,18.0,105.0,60.0,51,9
2025-03-12,LOC21,SKU022,243,136.0,39.0,181.0,103,32
2025-11-19,LOC23,SKU028,134,92.0,15.0,66.0,52,13
2025-03-12,LOC20,SKU008,145,5.0,224.0,160.0,131,22
2025-12-03,LOC23,SKU026,269,142.0,162.0,281.0,161,40
2025-09-10,LOC24,SKU002,149,29.0,193.0,117.0,118,20
2025-04-23,LOC24,SKU040,13,7.0,21.0,11.0,7,2
2025-11-05,LOC21,SKU030,224,79.0,163.0,116.0,101,21
2025-07-02,LOC23,SKU024,49,3.0,19.0,61.0,45,11
2025-03-26,LOC20,SKU054,165,55.0,87.0,159.0,88,25
2025-04-23,LOC21,SKU044,277,184.0,316.0,175.0,86,31
2025-11-19,LOC22,SKU014,259,131.0,66.0,253.0,125,35
2025-03-12,LOC20,SKU025,220,113.0,397.0,284.0,127,31
2025-04-09,LOC19,SKU030,91,34.0,85.0,159.0,96,18
2025-01-29,LOC19,SKU028,174,13.0,239.0,161.0,93,17
2025-01-01,LOC21,SKU040,59,16.0,114.0,93.0,58,11
2025-04-23,LOC23,SKU017,204,84.0,202.0,102.0,76,15
2025-02-12,LOC20,SKU019,353,9.0,487.0,288.0,110,34
2025-11-05,LOC25,SKU046,8,2.0,219.0,138.0,112,20
2025-11-05,LOC21,SKU002,144,28.0,112.0,175.0,148,25
2025-07-30,LOC21,SKU048,96,47.0,277.0,196.0,76,21
2025-11-05,LOC22,SKU016,231,100.0,372.0,219.0,67,33
2025-01-29,LOC23,SKU028,38,20.0,24.0,25.0,25,5
2025-01-29,LOC25,SKU024,93,62.0,64.0,204.0,44,21
2025-05-21,LOC23,SKU024,19,11.0,17.0,21.0,15,3
2025-01-29,LOC19,SKU019,93,45.0,29.0,61.0,51,10
2025-04-23,LOC20,SKU025,32,9.0,66.0,168.0,114,26
2025-10-08,LOC20,SKU019,196,123.0,328.0,254.0,110,27
2025-11-19,LOC22,SKU007,530,215.0,404.0,252.0,161,39
2025-07-30,LOC23,SKU018,151,84.0,249.0,146.0,97,19
2025-04-23,LOC25,SKU037,242,113.0,263.0,133.0,83,25
2025-07-30,LOC19,SKU019,86,52.0,26.0,142.0,90,17
2025-01-15,LOC20,SKU019,59,36.0,161.0,154.0,81,19
2025-10-08,LOC23,SKU024,74,38.0,6.0,67.0,15,7
2025-05-07,LOC25,SKU024,110,27.0,25.0,63.0,55,10
2025-06-18,LOC20,SKU057,55,12.0,162.0,94.0,49,17
2025-05-21,LOC21,SKU030,252,140.0,41.0,186.0,83,22
2025-07-16,LOC20,SKU015,95,22.0,107.0,203.0,104,23
2025-02-12,LOC20,SKU004,239,28.0,224.0,275.0,200,35
2025-06-18,LOC23,SKU018,140,95.0,15.0,156.0,67,16
2025-02-12,LOC24,SKU025,135,41.0,334.0,216.0,90,27
2025-01-29,LOC24,SKU032,147,27.0,89.0,165.0,71,17
2025-01-29,LOC23,SKU018,276,151.0,379.0,209.0,148,27
2025-10-22,LOC20,SKU059,9,4.0,0.0,8.0,4,1
2025-02-12,LOC24,SKU032,146,68.0,139.0,105.0,79,14
2025-10-08,LOC22,SKU032,48,18.0,53.0,42.0,42,8
2025-07-30,LOC24,SKU025,259,45.0,185.0,193.0,79,36
2025-02-12,LOC22,SKU060,173,55.0,93.0,149.0,87,18
2025-01-01,LOC21,SKU002,397,200.0,246.0,343.0,189,42
2025-06-04,LOC25,SKU040,71,38.0,89.0,56.0,41,9
2025-01-15,LOC23,SKU042,207,15.0,54.0,194.0,55,20
2025-01-01,LOC20,SKU025,238,64.0,156.0,169.0,133,26
2025-05-07,LOC21,SKU040,115,24.0,115.0,91.0,37,15
2025-08-13,LOC24,SKU025,259,14.0,321.0,197.0,181,34
2025-11-05,LOC24,SKU057,89,34.0,193.0,137.0,39,18
2025-12-03,LOC19,SKU030,43,9.0,4.0,60.0,69,12
2025-04-23,LOC22,SKU025,103,64.0,158.0,107.0,55,18
2025-04-09,LOC23,SKU042,120,53.0,10.0,135.0,81,17
2025-07-16,LOC24,SKU060,186,57.0,63.0,123.0,38,19
2025-07-30,LOC25,SKU024,115,14.0,56.0,104.0,55,12
2025-01-01,LOC23,SKU026,287,94.0,242.0,242.0,70,34
2025-08-13,LOC23,SKU028,235,18.0,154.0,173.0,107,18
2025-09-24,LOC23,SKU024,138,88.0,64.0,99.0,34,14
2025-01-15,LOC21,SKU056,46,4.0,26.0,40.0,34,7
2025-07-16,LOC19,SKU028,1,1.0,13.0,6.0,2,1
2025-11-05,LOC24,SKU025,143,78.0,164.0,290.0,171,35
2025-03-26,LOC24,SKU059,111,47.0,20.0,215.0,71,24
2025-04-23,LOC25,SKU028,233,110.0,195.0,174.0,92,18
2025-07-16,LOC22,SKU004,282,189.0,102.0,327.0,73,34
2025-10-22,LOC22,SKU040,8,1.0,13.0,9.0,3,1
2025-03-26,LOC23,SKU050,117,44.0,35.0,149.0,51,18
2025-06-18,LOC19,SKU014,179,69.0,331.0,345.0,111,35
2025-06-04,LOC21,SKU030,143,2.0,21.0,184.0,95,21
2025-11-05,LOC21,SKU044,236,124.0,104.0,217.0,73,25
2025-04-09,LOC24,SKU025,53,30.0,426.0,251.0,146,34
2025-02-26,LOC23,SKU026,168,38.0,212.0,266.0,170,31
2025-01-15,LOC21,SKU044,122,50.0,349.0,143.0,94,26
2025-07-30,LOC22,SKU014,215,20.0,102.0,337.0,93,34
2025-02-12,LOC23,SKU024,23,6.0,11.0,28.0,9,4
2025-04-09,LOC23,SKU026,395,4.0,702.0,242.0,176,47
2025-03-26,LOC24,SKU012,0,1.0,102.0,50.0,26,9
2025-05-21,LOC25,SKU037,216,68.0,317.0,211.0,66,27
2025-01-29,LOC25,SKU014,249,23.0,190.0,421.0,253,44
2025-01-01,LOC19,SKU040,153,9.0,45.0,206.0,92,22
2025-10-22,LOC24,SKU060,110,24.0,163.0,70.0,73,14
2025-10-08,LOC25,SKU051,12,3.0,6.0,37.0,8,4
2025-03-12,LOC21,SKU002,106,4.0,20.0,111.0,61,21
2025-11-05,LOC22,SKU032,156,48.0,218.0,151.0,93,18
2025-07-16,LOC23,SKU034,34,12.0,52.0,71.0,27,9
2025-05-07,LOC22,SKU040,42,7.0,9.0,37.0,21,4
2025-01-15,LOC19,SKU030,69,4.0,247.0,223.0,83,36
2025-10-22,LOC21,SKU022,0,1.0,302.0,299.0,136,35
2025-02-26,LOC25,SKU040,61,35.0,44.0,54.0,27,6
2025-10-08,LOC21,SKU056,48,25.0,42.0,143.0,32,16
2025-07-16,LOC25,SKU040,32,21.0,67.0,33.0,16,5
2025-09-10,LOC22,SKU016,152,39.0,80.0,139.0,91,25
2025-11-19,LOC20,SKU008,193,50.0,402.0,137.0,158,27
2025-02-26,LOC20,SKU025,218,15.0,232.0,238.0,160,33
2025-01-01,LOC23,SKU017,144,58.0,169.0,160.0,44,19
2025-06-04,LOC20,SKU015,57,10.0,102.0,92.0,40,10
2025-11-05,LOC20,SKU024,62,26.0,58.0,194.0,73,20
2025-09-10,LOC19,SKU012,34,18.0,99.0,146.0,74,15
2025-08-13,LOC24,SKU031,13,3.0,406.0,306.0,109,32
2025-06-18,LOC19,SKU040,0,1.0,43.0,224.0,119,24
2025-02-12,LOC25,SKU037,116,73.0,184.0,79.0,29,14
2025-07-30,LOC24,SKU040,82,1.0,113.0,75.0,30,10
2025-04-09,LOC23,SKU017,106,33.0,109.0,95.0,44,14
2025-06-04,LOC21,SKU044,74,15.0,385.0,254.0,176,39
2025-06-18,LOC22,SKU016,199,88.0,138.0,146.0,99,17
2025-11-05,LOC25,SKU040,55,28.0,92.0,55.0,46,9
2025-06-18,LOC21,SKU056,90,25.0,119.0,137.0,72,17
2025-03-26,LOC23,SKU024,36,23.0,192.0,123.0,48,16
2025-07-02,LOC21,SKU048,91,43.0,73.0,188.0,79,26
2025-05-21,LOC25,SKU008,186,69.0,136.0,190.0,72,23
2025-01-15,LOC20,SKU004,326,121.0,18.0,217.0,178,30
2025-03-26,LOC21,SKU030,148,7.0,222.0,206.0,60,21
2025-11-19,LOC23,SKU042,212,95.0,251.0,249.0,230,39
2025-08-13,LOC19,SKU012,143,38.0,268.0,256.0,109,28
2025-05-21,LOC20,SKU054,15,6.0,43.0,54.0,30,7
2025-11-19,LOC20,SKU004,447,30.0,4.0,224.0,106,38
2025-01-15,LOC22,SKU046,41,21.0,55.0,63.0,24,8
2025-07-16,LOC21,SKU056,27,7.0,48.0,32.0,19,4
2025-09-24,LOC22,SKU060,57,1.0,99.0,92.0,69,13
2025-11-19,LOC19,SKU019,77,47.0,33.0,103.0,52,12
2025-06-18,LOC24,SKU002,301,136.0,203.0,247.0,165,36
2025-04-23,LOC19,SKU040,65,13.0,185.0,88.0,69,15
2025-01-01,LOC25,SKU037,77,37.0,14.0,163.0,49,19
2025-03-26,LOC23,SKU017,127,48.0,80.0,55.0,54,11
2025-02-26,LOC19,SKU028,92,2.0,32.0,114.0,28,13
2025-06-04,LOC20,SKU057,184,48.0,258.0,198.0,114,27
2025-10-08,LOC20,SKU057,112,43.0,274.0,202.0,77,26
2025-11-19,LOC23,SKU050,166,95.0,391.0,200.0,78,29
2025-06-04,LOC22,SKU046,199,82.0,283.0,163.0,114,20
2025-07-16,LOC25,SKU037,5,1.0,43.0,241.0,113,30
2025-01-29,LOC23,SKU034,120,50.0,115.0,88.0,41,11
2025-07-16,LOC22,SKU040,11,6.0,11.0,58.0,27,6
2025-09-24,LOC23,SKU028,8,3.0,0.0,5.0,4,1
2025-02-26,LOC24,SKU031,375,260.0,225.0,304.0,208,43
2025-03-12,LOC24,SKU012,114,33.0,178.0,159.0,33,16
2025-11-19,LOC22,SKU032,203,56.0,209.0,198.0,50,25
2025-08-27,LOC24,SKU040,103,54.0,76.0,81.0,56,10
2025-04-23,LOC24,SKU012,100,8.0,103.0,159.0,95,16
2025-08-13,LOC22,SKU040,45,14.0,88.0,51.0,45,8
2025-06-18,LOC23,SKU042,51,28.0,49.0,177.0,47,20
2025-10-22,LOC25,SKU014,239,72.0,43.0,166.0,96,28
2025-06-18,LOC21,SKU002,0,1.0,239.0,302.0,123,32
2025-09-10,LOC24,SKU057,55,17.0,208.0,172.0,46,20
2025-04-23,LOC21,SKU002,91,45.0,89.0,257.0,98,33
2025-01-01,LOC24,SKU057,206,30.0,242.0,177.0,112,19
2025-03-12,LOC25,SKU014,270,32.0,324.0,218.0,111,32
2025-10-22,LOC25,SKU037,131,59.0,50.0,146.0,35,16
2025-03-12,LOC22,SKU016,125,32.0,214.0,190.0,114,20
2025-04-09,LOC25,SKU037,80,29.0,194.0,144.0,86,17
2025-04-09,LOC19,SKU019,210,41.0,230.0,226.0,76,24
2025-02-12,LOC25,SKU058,175,43.0,120.0,119.0,103,18
2025-07-30,LOC25,SKU037,121,51.0,15.0,140.0,40,15
2025-10-08,LOC20,SKU054,69,29.0,41.0,46.0,25,9
2025-08-13,LOC20,SKU059,7,2.0,6.0,6.0,2,1
2025-12-03,LOC19,SKU040,79,27.0,56.0,38.0,15,7
2025-01-15,LOC24,SKU002,313,23.0,162.0,243.0,71,32
2025-08-13,LOC23,SKU042,65,9.0,134.0,169.0,47,18
2025-08-27,LOC24,SKU060,90,35.0,20.0,139.0,49,15
2025-06-04,LOC23,SKU017,29,0.0,43.0,22.0,7,3
2025-08-13,LOC23,SKU017,6,3.0,105.0,73.0,31,10
2025-01-29,LOC24,SKU002,218,136.0,311.0,312.0,134,34
2025-10-22,LOC23,SKU034,93,0.0,20.0,145.0,34,16
2025-12-03,LOC21,SKU030,98,6.0,197.0,166.0,71,19
2025-07-02,LOC19,SKU012,69,46.0,128.0,73.0,28,11
2025-05-07,LOC22,SKU016,64,3.0,123.0,74.0,51,10
2025-06-04,LOC22,SKU059,81,49.0,33.0,91.0,50,12
2025-10-08,LOC19,SKU043,309,132.0,125.0,180.0,196,34
2025-04-23,LOC25,SKU046,198,20.0,92.0,139.0,83,9999
2025-05-07,LOC24,SKU040,181,107.0,223.0,178.0,50,19
2025-07-02,LOC25,SKU051,130,72.0,173.0,88.0,46,13
2025-04-23,LOC25,SKU040,10,6.0,3.0,5.0,4,1
2025-05-21,LOC24,SKU002,152,10.0,76.0,193.0,83,21
2025-09-10,LOC20,SKU057,90,56.0,352.0,144.0,117,27
2025-12-03,LOC20,SKU024,20,1.0,17.0,26.0,7,3
2025-07-02,LOC22,SKU004,283,148.0,131.0,164.0,115,30
2025-01-15,LOC25,SKU014,228,147.0,340.0,244.0,107,39
2025-06-18,LOC22,SKU007,185,58.0,71.0,102.0,100,17
2025-09-10,LOC19,SKU030,241,116.0,228.0,170.0,67,27
2025-07-02,LOC24,SKU060,145,10.0,127.0,77.0,83,14
2025-01-15,LOC20,SKU020,11,5.0,13.0,42.0,27,5
2025-05-21,LOC25,SKU014,155,56.0,324.0,216.0,115,22
2025-05-21,LOC24,SKU012,313,8.0,353.0,142.0,136,24
2025-03-26,LOC19,SKU012,127,84.0,1.0,82.0,39,15
2025-02-26,LOC21,SKU040,130,30.0,38.0,70.0,33,11
2025-05-21,LOC22,SKU040,10,0.0,6.0,5.0,2,1
2025-07-30,LOC24,SKU012,61,19.0,27.0,35.0,41,7
2025-07-02,LOC24,SKU032,43,17.0,46.0,57.0,44,8
2025-07-16,LOC20,SKU008,392,170.0,569.0,403.0,259,48
2025-01-01,LOC24,SKU019,48,6.0,81.0,108.0,70,14
2025-10-22,LOC20,SKU057,151,8.0,128.0,239.0,136,29
2025-08-13,LOC20,SKU024,119,42.0,193.0,109.0,44,19
2025-07-16,LOC23,SKU017,56,25.0,39.0,37.0,24,5
2025-06-18,LOC19,SKU019,97,33.0,210.0,146.0,57,16
2025-12-03,LOC20,SKU020,45,12.0,49.0,56.0,17,7
2025-01-01,LOC20,SKU054,6,1.0,3.0,5.0,4,1
2025-08-13,LOC22,SKU059,143,90.0,126.0,110.0,54,14
2025-10-22,LOC21,SKU002,282,15.0,125.0,279.0,203,37
2025-02-26,LOC23,SKU050,185,31.0,7.0,111.0,64,16
2025-11-05,LOC20,SKU019,149,82.0,146.0,110.0,67,12
2025-12-03,LOC20,SKU015,185,92.0,273.0,151.0,146,25
2025-04-09,LOC23,SKU050,80,29.0,411.0,210.0,109,35
2025-08-13,LOC24,SKU032,85,27.0,195.0,83.0,52,14
2025-08-27,LOC21,SKU030,270,23.0,327.0,169.0,119,23
2025-07-02,LOC21,SKU030,61,4.0,139.0,129.0,81,16
2025-11-05,LOC24,SKU040,146,20.0,105.0,80.0,49,15
2025-03-12,LOC20,SKU054,28,18.0,28.0,57.0,25,6
2025-09-24,LOC24,SKU025,181,8.0,309.0,110.0,116,21
2025-03-12,LOC20,SKU019,150,80.0,435.0,280.0,70,30
2025-01-29,LOC22,SKU046,26,2.0,60.0,27.0,13,5
2025-05-07,LOC24,SKU025,188,114.0,352.0,218.0,60,26
2025-01-01,LOC24,SKU060,132,37.0,179.0,193.0,118,26
2025-11-19,LOC24,SKU025,296,105.0,470.0,229.0,148,36
2025-06-18,LOC24,SKU059,78,9.0,123.0,118.0,94,17
2025-07-02,LOC19,SKU019,59,26.0,5.0,78.0,50,12
2025-09-10,LOC24,SKU012,147,25.0,173.0,182.0,101,23
2025-04-09,LOC24,SKU060,117,24.0,27.0,155.0,142,27
2025-08-13,LOC25,SKU037,147,16.0,163.0,131.0,104,20
2025-05-21,LOC19,SKU019,249,109.0,114.0,178.0,149,29
2025-03-26,LOC23,SKU034,274,98.0,343.0,184.0,154,36
2025-04-23,LOC20,SKU024,18,6.0,2.0,10.0,8,2
2025-03-12,LOC22,SKU007,142,70.0,251.0,165.0,93,27
2025-01-01,LOC24,SKU040,173,14.0,290.0,314.0,70,32
2025-06-04,LOC23,SKU026,347,36.0,176.0,332.0,143,35
2025-01-01,LOC24,SKU012,66,36.0,128.0,48.0,20,9
2025-07-30,LOC20,SKU015,92,57.0,234.0,229.0,134,23
2025-07-02,LOC25,SKU024,115,65.0,40.0,80.0,32,11
2025-11-05,LOC23,SKU026,295,172.0,146.0,204.0,91,38
2025-03-26,LOC25,SKU024,229,56.0,329.0,250.0,80,26
2025-07-30,LOC22,SKU007,205,70.0,32.0,235.0,83,29
2025-04-23,LOC21,SKU030,71,47.0,33.0,76.0,33,9
2025-06-18,LOC20,SKU025,62,25.0,235.0,299.0,115,39
2025-08-27,LOC24,SKU032,106,10.0,164.0,128.0,57,14
2025-02-26,LOC22,SKU060,231,120.0,360.0,157.0,133,26
2025-09-10,LOC25,SKU024,7,0.0,4.0,8.0,4,1
2025-07-02,LOC20,SKU054,89,11.0,76.0,78.0,45,9
2025-04-23,LOC19,SKU012,234,71.0,68.0,176.0,67,22
2025-01-29,LOC24,SKU025,226,148.0,549.0,186.0,109,37
2025-08-13,LOC19,SKU030,8,3.0,164.0,156.0,123,23
2025-07-16,LOC20,SKU019,90,5.0,84.0,208.0,117,24
2025-05-21,LOC25,SKU028,117,6.0,129.0,92.0,37,15
2025-06-04,LOC25,SKU028,12,0.0,1.0,8.0,5,1
2025-05-07,LOC22,SKU046,42,3.0,86.0,51.0,27,6
2025-11-19,LOC24,SKU019,144,50.0,213.0,134.0,113,21
2025-01-01,LOC24,SKU031,252,107.0,59.0,147.0,74,27
2025-01-29,LOC25,SKU046,73,49.0,1.0,128.0,81,14
2025-07-30,LOC22,SKU032,118,66.0,135.0,102.0,58,11
2025-08-13,LOC22,SKU007,331,151.0,490.0,320.0,211,36
2025-12-03,LOC22,SKU046,49,9.0,22.0,81.0,25,9
2025-02-12,LOC22,SKU004,106,5.0,216.0,178.0,52,26
2025-09-10,LOC20,SKU020,96,60.0,132.0,88.0,37,16
2025-08-13,LOC25,SKU040,249,68.0,311.0,264.0,161,27
2025-12-03,LOC23,SKU050,132,38.0,6.0,114.0,99,20
2025-10-08,LOC20,SKU059,36,1.0,12.0,24.0,17,3
2025-05-21,LOC24,SKU059,5,0.0,3.0,7.0,3,1
2025-02-12,LOC21,SKU022,113,49.0,294.0,212.0,49,23
2025-03-12,LOC19,SKU030,283,156.0,386.0,245.0,86,28
2025-04-23,LOC25,SKU008,214,81.0,350.0,200.0,55,25
2025-10-22,LOC20,SKU004,425,187.0,286.0,366.0,202,38
2025-10-08,LOC22,SKU040,75,46.0,222.0,104.0,67,16
2025-10-08,LOC25,SKU058,276,156.0,347.0,215.0,166,29
2025-04-23,LOC25,SKU058,224,106.0,245.0,232.0,105,25
2025-08-27,LOC23,SKU028,52,10.0,43.0,36.0,21,6
2025-04-09,LOC25,SKU014,253,168.0,59.0,265.0,171,36
2025-01-29,LOC25,SKU058,137,82.0,13.0,143.0,45,19
2025-09-24,LOC22,SKU040,82,34.0,124.0,95.0,32,15
2025-01-01,LOC25,SKU008,192,38.0,380.0,177.0,142,29
2025-08-27,LOC23,SKU024,157,0.0,292.0,132.0,121,25
2025-05-07,LOC24,SKU059,0,10.0,238.0,120.0,84,19
2025-05-21,LOC19,SKU043,157,17.0,120.0,183.0,122,26
2025-10-08,LOC20,SKU008,273,82.0,77.0,226.0,75,30
2025-08-13,LOC20,SKU020,67,43.0,76.0,63.0,36,8
2025-10-22,LOC19,SKU043,367,233.0,318.0,221.0,101,30
2025-07-30,LOC20,SKU020,83,8.0,168.0,83.0,82,16
2025-11-19,LOC22,SKU046,152,90.0,152.0,155.0,47,18
2025-02-26,LOC22,SKU059,5,2.0,1.0,5.0,5,1
2025-07-02,LOC24,SKU031,367,159.0,245.0,261.0,204,40
2025-02-12,LOC21,SKU048,167,76.0,105.0,152.0,120,21
2025-01-01,LOC20,SKU008,164,44.0,154.0,215.0,83,28
2025-04-09,LOC24,SKU031,186,26.0,24.0,166.0,127,33
2025-12-03,LOC24,SKU031,196,104.0,352.0,274.0,134,30
2025-02-12,LOC23,SKU028,39,19.0,99.0,64.0,37,7
2025-01-01,LOC25,SKU058,206,50.0,231.0,242.0,118,33
2025-06-18,LOC22,SKU046,39,24.0,92.0,66.0,41,7
2025-08-27,LOC25,SKU028,85,36.0,120.0,83.0,39,9
2025-04-09,LOC23,SKU028,162,77.0,12.0,208.0,89,24
2025-10-22,LOC19,SKU040,149,5.0,244.0,112.0,89,17
2025-12-03,LOC25,SKU040,186,53.0,254.0,102.0,107,19
2025-06-04,LOC22,SKU032,98,32.0,124.0,136.0,31,15
2025-11-05,LOC19,SKU043,314,150.0,141.0,187.0,64,30
2025-05-21,LOC23,SKU034,161,24.0,395.0,153.0,54,27
2025-11-19,LOC23,SKU017,97,52.0,47.0,55.0,52,10
2025-10-08,LOC19,SKU040,73,6.0,54.0,94.0,65,11
2025-09-24,LOC19,SKU040,21,7.0,50.0,52.0,23,6
2025-10-08,LOC24,SKU060,174,14.0,70.0,115.0,80,18
2025-11-19,LOC20,SKU020,168,72.0,87.0,244.0,114,26
2025-07-02,LOC22,SKU007,132,86.0,111.0,208.0,139,24
2025-01-29,LOC22,SKU016,97,34.0,152.0,91.0,55,16
2025-07-30,LOC25,SKU014,263,41.0,338.0,217.0,111,24
2025-09-24,LOC24,SKU019,0,1.0,116.0,194.0,106,22
2025-07-02,LOC21,SKU002,115,1.0,41.0,154.0,53,17
2025-10-22,LOC22,SKU004,234,109.0,168.0,150.0,126,25
2025-07-16,LOC25,SKU058,147,95.0,149.0,164.0,135,24
2025-07-30,LOC20,SKU019,0,1.0,258.0,105.0,82,20
2025-01-29,LOC25,SKU040,77,43.0,123.0,88.0,53,12
2025-11-05,LOC19,SKU019,170,10.0,274.0,193.0,102,27
2025-04-23,LOC22,SKU046,160,58.0,53.0,87.0,59,13
2025-09-10,LOC22,SKU040,62,28.0,12.0,155.0,57,16
2025-11-05,LOC19,SKU030,98,45.0,175.0,122.0,108,19
2025-01-15,LOC22,SKU059,119,50.0,154.0,87.0,58,15
2025-05-07,LOC24,SKU019,146,47.0,98.0,121.0,101,19
2025-11-05,LOC21,SKU056,90,39.0,68.0,60.0,60,11
2025-09-24,LOC22,SKU025,379,152.0,97.0,357.0,196,40
2025-01-01,LOC19,SKU019,115,61.0,95.0,146.0,61,27
2025-01-29,LOC20,SKU024,286,115.0,265.0,212.0,80,31
2025-03-26,LOC22,SKU059,9,2.0,4.0,9.0,5,1
2025-12-03,LOC22,SKU014,51,9.0,164.0,154.0,83,25
2025-02-12,LOC22,SKU032,55,23.0,92.0,67.0,26,7
2025-11-19,LOC25,SKU058,6,2.0,12.0,17.0,6,2
2025-09-10,LOC24,SKU032,35,11.0,41.0,25.0,20,5
2025-01-01,LOC21,SKU056,48,19.0,165.0,111.0,66,12
2025-08-13,LOC20,SKU004,192,2.0,305.0,246.0,88,25
2025-11-05,LOC23,SKU050,176,18.0,272.0,179.0,74,20
2025-08-27,LOC22,SKU016,90,16.0,1.0,81.0,32,12
2025-04-09,LOC25,SKU040,76,49.0,25.0,54.0,38,9
2025-02-26,LOC20,SKU019,120,39.0,69.0,127.0,59,18
2025-07-16,LOC25,SKU014,406,159.0,111.0,307.0,199,40
2025-10-22,LOC23,SKU042,186,36.0,96.0,138.0,103,18
2025-07-16,LOC22,SKU016,78,38.0,114.0,101.0,74,16
2025-11-19,LOC25,SKU024,30,5.0,46.0,38.0,27,6
2025-05-21,LOC23,SKU050,89,40.0,265.0,197.0,95,20
2025-03-12,LOC21,SKU048,86,4.0,72.0,228.0,142,24
2025-10-22,LOC20,SKU008,171,75.0,31.0,178.0,188,33
2025-02-26,LOC24,SKU057,68,4.0,4.0,87.0,43,11
2025-01-29,LOC20,SKU057,140,89.0,105.0,150.0,103,20
2025-04-09,LOC23,SKU024,57,23.0,63.0,43.0,24,5
2025-05-21,LOC22,SKU016,139,0.0,81.0,156.0,97,28
2025-12-03,LOC19,SKU028,8,1.0,0.0,8.0,3,1
2025-11-19,LOC20,SKU057,282,89.0,503.0,272.0,182,35
2025-05-07,LOC22,SKU004,256,144.0,30.0,202.0,147,29
2025-07-30,LOC21,SKU040,31,5.0,13.0,104.0,62,14
2025-04-23,LOC21,SKU056,6,3.0,4.0,6.0,2,1
2025-11-05,LOC23,SKU017,66,23.0,100.0,63.0,27,11
2025-09-24,LOC20,SKU024,77,45.0,199.0,137.0,71,22
2025-01-29,LOC20,SKU008,164,51.0,138.0,191.0,198,34
2025-03-26,LOC24,SKU032,198,84.0,240.0,146.0,102,20
2025-07-30,LOC20,SKU004,273,149.0,250.0,266.0,140,37
2025-11-19,LOC25,SKU028,68,7.0,35.0,76.0,34,8
2025-05-21,LOC20,SKU020,98,11.0,57.0,58.0,56,10
2025-04-09,LOC22,SKU059,145,34.0,327.0,239.0,54,26
2025-02-12,LOC24,SKU059,82,27.0,43.0,69.0,35,12
2025-09-24,LOC25,SKU046,207,79.0,135.0,86.0,70,16
2025-10-08,LOC23,SKU026,233,134.0,369.0,167.0,65,28
2025-05-21,LOC21,SKU056,21,0.0,23.0,16.0,11,2
2025-01-29,LOC23,SKU050,66,10.0,50.0,84.0,29,10
2025-06-18,LOC20,SKU024,136,34.0,181.0,122.0,56,13
2025-08-13,LOC25,SKU051,104,43.0,201.0,152.0,39,19
2025-02-12,LOC24,SKU031,89,53.0,390.0,182.0,150,27
2025-07-16,LOC22,SKU059,116,7.0,32.0,101.0,33,14
2025-02-26,LOC23,SKU034,137,22.0,241.0,120.0,112,21
2025-02-26,LOC19,SKU019,101,51.0,2.0,120.0,54,17
2025-11-05,LOC19,SKU028,154,104.0,101.0,102.0,77,15
2025-03-26,LOC22,SKU016,126,13.0,24.0,128.0,62,23
2025-01-29,LOC20,SKU015,161,29.0,242.0,237.0,72,25
2025-10-08,LOC25,SKU046,110,25.0,77.0,128.0,39,13
2025-02-12,LOC24,SKU057,69,43.0,139.0,106.0,42,16
2025-07-02,LOC22,SKU040,4,1.0,1.0,5.0,2,1
2025-02-26,LOC24,SKU059,30,4.0,38.0,39.0,28,5
2025-11-19,LOC24,SKU032,187,125.0,,84.0,31,15
2025-11-19,LOC21,SKU040,10,4.0,12.0,5.0,2,1
2025-09-24,LOC20,SKU019,176,67.0,337.0,201.0,104,23
2025-03-26,LOC23,SKU026,532,168.0,612.0,412.0,204,44
2025-11-05,LOC20,SKU015,206,132.0,296.0,168.0,103,20
2025-07-16,LOC22,SKU014,379,247.0,532.0,353.0,195,41
2025-02-12,LOC23,SKU034,345,122.0,51.0,198.0,72,30
2025-05-21,LOC21,SKU002,180,24.0,64.0,286.0,103,42
2025-01-01,LOC19,SKU030,167,50.0,292.0,233.0,163,32
2025-01-15,LOC23,SKU024,141,59.0,209.0,88.0,41,14
2025-06-04,LOC20,SKU025,325,80.0,728.0,251.0,235,49
2025-11-19,LOC20,SKU059,97,3.0,40.0,82.0,52,9
2025-07-30,LOC20,SKU059,80,42.0,63.0,83.0,49,9
2025-10-22,LOC21,SKU030,96,4.0,59.0,262.0,157,29
2025-10-22,LOC20,SKU024,45,26.0,94.0,66.0,17,7
2025-11-05,LOC24,SKU002,496,6.0,410.0,236.0,158,36
2025-04-09,LOC25,SKU051,160,77.0,82.0,119.0,56,15
2025-09-10,LOC25,SKU014,208,13.0,435.0,191.0,110,36
2025-10-08,LOC25,SKU014,149,47.0,122.0,144.0,96,23
2025-06-04,LOC22,SKU025,138,81.0,358.0,252.0,128,26
2025-11-05,LOC23,SKU024,49,24.0,21.0,29.0,11,5
2025-10-08,LOC21,SKU030,257,63.0,100.0,189.0,40,20
2025-11-05,LOC25,SKU037,218,90.0,54.0,163.0,111,20
2025-03-12,LOC24,SKU031,285,54.0,99.0,179.0,96,21
2025-05-21,LOC23,SKU042,99,67.0,12.0,144.0,99,19
2025-06-04,LOC23,SKU028,15,7.0,1.0,18.0,8,2
2025-10-22,LOC24,SKU057,122,65.0,19.0,83.0,54,10
2025-08-13,LOC23,SKU018,92,5.0,218.0,196.0,93,20
2025-05-21,LOC22,SKU032,44,14.0,59.0,43.0,17,8
2025-05-21,LOC25,SKU040,127,28.0,109.0,75.0,58,14
2025-10-22,LOC24,SKU019,135,64.0,330.0,212.0,60,25
2025-10-08,LOC23,SKU042,88,11.0,55.0,55.0,49,9
2025-12-03,LOC25,SKU051,0,0.0,313.0,210.0,168,30
2025-10-08,LOC20,SKU004,261,103.0,339.0,159.0,66,31
2025-11-19,LOC22,SKU025,215,145.0,362.0,214.0,76,27
2025-07-02,LOC21,SKU044,173,15.0,381.0,261.0,205,35
2025-05-21,LOC21,SKU048,115,72.0,125.0,133.0,89,15
2025-08-13,LOC23,SKU024,109,69.0,41.0,125.0,67,20
2025-05-07,LOC25,SKU008,64,37.0,381.0,307.0,222,38
2025-06-04,LOC25,SKU051,57,19.0,208.0,160.0,41,18
2025-05-07,LOC25,SKU058,51,21.0,235.0,93.0,85,17
2025-09-10,LOC22,SKU046,106,25.0,121.0,102.0,61,12
2025-10-22,LOC24,SKU059,207,31.0,271.0,132.0,113,22
2025-09-24,LOC22,SKU059,33,15.0,88.0,59.0,23,8
2025-04-23,LOC19,SKU028,49,26.0,96.0,81.0,46,10
2025-08-27,LOC23,SKU034,248,21.0,220.0,166.0,66,26
2025-05-07,LOC21,SKU022,226,140.0,193.0,149.0,67,23
2025-09-24,LOC20,SKU004,229,87.0,34.0,286.0,160,31
2025-06-18,LOC21,SKU040,80,7.0,148.0,84.0,47,10
2025-11-19,LOC24,SKU059,64,3.0,153.0,109.0,40,11
2025-04-23,LOC20,SKU054,46,18.0,30.0,70.0,32,11
2025-01-15,LOC24,SKU012,200,127.0,11.0,189.0,59,19
2025-08-27,LOC21,SKU022,150,72.0,329.0,164.0,126,29
2025-05-07,LOC23,SKU050,78,23.0,101.0,135.0,80,14
2025-10-22,LOC20,SKU054,162,67.0,137.0,142.0,98,19
2025-06-18,LOC24,SKU057,173,101.0,177.0,158.0,173,30
2025-07-16,LOC23,SKU050,177,107.0,10.0,156.0,106,19
2025-07-16,LOC20,SKU059,43,8.0,30.0,89.0,45,9
2025-08-27,LOC19,SKU040,214,62.0,234.0,247.0,120,27
2025-02-12,LOC20,SKU008,132,81.0,294.0,304.0,122,34
2025-03-26,LOC25,SKU040,130,55.0,156.0,128.0,94,16
2025-07-02,LOC22,SKU014,260,132.0,516.0,406.0,234,44
2025-07-16,LOC20,SKU057,232,29.0,151.0,236.0,120,25
2025-03-26,LOC25,SKU058,161,77.0,209.0,110.0,44,19
2025-06-18,LOC24,SKU019,146,53.0,339.0,289.0,185,36
2025-11-05,LOC25,SKU014,340,158.0,491.0,374.0,83,41
2025-10-08,LOC21,SKU002,197,117.0,53.0,134.0,88,20
2025-08-27,LOC21,SKU056,0,1.0,105.0,131.0,53,15
2025-05-21,LOC24,SKU032,93,23.0,86.0,65.0,28,11
2025-05-21,LOC23,SKU018,23,3.0,161.0,96.0,38,18
2025-08-13,LOC21,SKU022,262,179.0,486.0,299.0,167,37
2025-06-18,LOC22,SKU060,236,103.0,111.0,115.0,66,19
2025-06-04,LOC23,SKU050,48,9.0,223.0,76.0,81,15
2025-01-15,LOC20,SKU025,184,121.0,262.0,201.0,129,22
2025-07-02,LOC23,SKU026,334,147.0,100.0,215.0,144,29
2025-03-26,LOC24,SKU019,69,12.0,102.0,66.0,42,8
2025-04-23,LOC24,SKU057,111,21.0,223.0,124.0,115,22
2025-08-27,LOC20,SKU059,86,38.0,234.0,109.0,69,17
2025-08-27,LOC23,SKU017,30,10.0,18.0,35.0,34,7
2025-07-30,LOC22,SKU046,77,29.0,101.0,45.0,36,9
2025-06-18,LOC20,SKU020,80,8.0,130.0,67.0,44,11
2025-02-12,LOC22,SKU007,204,74.0,214.0,192.0,118,21
2025-01-29,LOC22,SKU014,212,99.0,6.0,248.0,144,25
2025-08-27,LOC20,SKU024,181,48.0,142.0,111.0,36,15
2025-01-01,LOC22,SKU016,186,57.0,125.0,145.0,73,15
2025-08-13,LOC21,SKU030,213,71.0,47.0,121.0,91,20
2025-02-12,LOC24,SKU060,43,2.0,31.0,22.0,17,4
2025-03-26,LOC19,SKU040,74,38.0,82.0,70.0,57,10
2025-02-26,LOC23,SKU042,270,116.0,178.0,151.0,138,24
2025-03-26,LOC19,SKU043,206,4.0,259.0,233.0,95,35
2025-03-26,LOC20,SKU024,16,10.0,72.0,70.0,39,9
2025-05-07,LOC23,SKU024,7,0.0,14.0,7.0,3,1
2025-09-24,LOC24,SKU057,187,126.0,247.0,130.0,91,18
2025-09-10,LOC24,SKU059,58,27.0,28.0,73.0,27,8
2025-05-21,LOC25,SKU024,146,17.0,21.0,73.0,50,14
2025-09-24,LOC23,SKU018,243,122.0,98.0,203.0,69,33
2025-11-05,LOC25,SKU024,351,181.0,159.0,177.0,62,26
2025-04-23,LOC22,SKU016,56,4.0,150.0,95.0,36,11
2025-01-15,LOC20,SKU054,114,37.0,30.0,150.0,78,17
2025-01-01,LOC22,SKU014,237,129.0,333.0,223.0,112,35
2025-09-24,LOC22,SKU016,366,155.0,117.0,254.0,96,30
2025-08-27,LOC19,SKU028,18,0.0,7.0,26.0,13,3
2025-04-23,LOC23,SKU018,129,87.0,22.0,128.0,75,21
2025-03-26,LOC24,SKU040,245,100.0,82.0,149.0,83,22
2025-02-12,LOC25,SKU046,15,2.0,15.0,16.0,4,2
2025-06-18,LOC22,SKU059,95,30.0,27.0,85.0,24,12
2025-02-12,LOC23,SKU017,24,15.0,12.0,26.0,16,3
2025-07-02,LOC25,SKU037,128,34.0,363.0,146.0,120,26
2025-08-27,LOC25,SKU014,296,115.0,296.0,223.0,78,34
2025-07-16,LOC20,SKU025,231,1.0,361.0,191.0,146,28
2025-03-12,LOC25,SKU058,203,26.0,69.0,147.0,87,21
2025-06-04,LOC20,SKU020,408,244.0,8.0,235.0,114,29
2025-02-26,LOC22,SKU040,70,19.0,12.0,104.0,63,11
2025-08-13,LOC25,SKU014,15,1.0,63.0,235.0,70,30
2025-10-22,LOC21,SKU044,337,146.0,149.0,209.0,139,27
2025-04-09,LOC24,SKU012,160,45.0,60.0,168.0,104,19
2025-12-03,LOC25,SKU014,221,90.0,222.0,200.0,114,25
2025-07-02,LOC24,SKU012,96,4.0,150.0,133.0,36,15
2025-02-26,LOC22,SKU046,26,7.0,63.0,81.0,35,10
2025-08-13,LOC24,SKU012,182,67.0,50.0,130.0,74,21
2025-02-12,LOC25,SKU051,54,13.0,1.0,108.0,72,18
2025-01-29,LOC21,SKU002,391,141.0,491.0,417.0,133,43
2025-06-18,LOC19,SKU012,255,10.0,368.0,224.0,141,25
2025-03-26,LOC21,SKU002,231,69.0,231.0,197.0,183,35
2025-06-04,LOC24,SKU032,34,5.0,84.0,74.0,23,9
2025-09-10,LOC23,SKU028,183,37.0,206.0,106.0,118,20
2025-05-07,LOC25,SKU028,30,3.0,73.0,66.0,27,8
2025-11-19,LOC24,SKU002,176,73.0,26.0,104.0,45,16
2025-08-27,LOC19,SKU030,163,101.0,18.0,216.0,111,23
2025-08-27,LOC22,SKU060,77,27.0,328.0,170.0,104,30
2025-11-19,LOC20,SKU024,102,62.0,2.0,132.0,67,14
2025-09-10,LOC23,SKU026,217,118.0,331.0,285.0,152,32
2025-02-12,LOC25,SKU028,5,1.0,9.0,9.0,4,1
2025-01-01,LOC24,SKU025,203,60.0,61.0,100.0,64,18
2025-06-18,LOC22,SKU040,73,7.0,105.0,89.0,22,9
2025-04-23,LOC21,SKU040,13,0.0,1.0,39.0,32,7
2025-12-03,LOC24,SKU012,216,43.0,339.0,155.0,80,23
2025-11-19,LOC22,SKU004,265,13.0,146.0,334.0,218,37
2025-01-15,LOC20,SKU024,208,122.0,94.0,167.0,91,18
2025-11-05,LOC22,SKU059,74,41.0,91.0,59.0,43,8
2025-07-16,LOC21,SKU030,46,26.0,19.0,38.0,22,5
2025-05-07,LOC23,SKU026,66,14.0,80.0,280.0,218,39
2025-11-05,LOC23,SKU028,46,1.0,36.0,47.0,34,7
2025-06-18,LOC25,SKU014,141,27.0,125.0,201.0,53,26
2025-02-26,LOC19,SKU030,17,10.0,28.0,18.0,14,3
2025-01-01,LOC20,SKU019,152,2.0,29.0,113.0,58,15
2025-03-12,LOC21,SKU044,350,71.0,167.0,335.0,124,34
2025-05-21,LOC21,SKU022,117,65.0,167.0,114.0,107,18
2025-03-26,LOC22,SKU032,23,1.0,40.0,22.0,11,3
2025-10-22,LOC25,SKU058,174,48.0,182.0,176.0,50,18
2025-01-29,LOC24,SKU019,150,28.0,10.0,146.0,112,20
2025-07-16,LOC21,SKU022,324,34.0,199.0,168.0,129,32
2025-01-01,LOC22,SKU007,223,8.0,317.0,340.0,197,39
2025-05-21,LOC24,SKU019,176,68.0,94.0,156.0,69,16
2025-09-24,LOC22,SKU014,293,66.0,122.0,292.0,107,42
2025-07-02,LOC20,SKU059,96,12.0,172.0,201.0,121,21
2025-10-22,LOC25,SKU046,104,10.0,166.0,116.0,72,13
2025-05-07,LOC24,SKU057,68,38.0,292.0,201.0,49,21
2025-12-03,LOC22,SKU007,195,6.0,249.0,280.0,182,32
2025-06-04,LOC20,SKU008,217,78.0,348.0,232.0,81,29
2025-07-30,LOC21,SKU030,191,104.0,218.0,166.0,68,27
2025-02-12,LOC19,SKU012,68,27.0,185.0,109.0,77,15
2025-08-13,LOC21,SKU044,214,128.0,217.0,188.0,67,28
2025-06-04,LOC23,SKU034,106,55.0,13.0,172.0,108,21
2025-04-23,LOC20,SKU057,145,56.0,194.0,199.0,92,23
2025-09-10,LOC20,SKU015,105,0.0,127.0,82.0,51,14
2025-04-09,LOC20,SKU004,163,103.0,314.0,213.0,57,26
2025-07-16,LOC25,SKU008,183,8.0,306.0,239.0,64,27
2025-06-18,LOC22,SKU032,81,48.0,105.0,77.0,53,11
2025-02-26,LOC23,SKU018,188,67.0,101.0,134.0,60,18
2025-01-01,LOC25,SKU051,184,52.0,29.0,157.0,47,20
2025-11-05,LOC24,SKU031,190,7.0,165.0,145.0,98,23
2025-04-09,LOC23,SKU034,111,43.0,88.0,121.0,83,16
2025-09-24,LOC19,SKU028,35,14.0,6.0,39.0,23,6
2025-02-26,LOC23,SKU017,27,8.0,38.0,34.0,20,5
2025-07-30,LOC22,SKU040,49,5.0,52.0,49.0,37,9
2025-10-08,LOC21,SKU044,339,214.0,406.0,217.0,170,32
2025-03-26,LOC25,SKU028,108,26.0,111.0,155.0,48,16
2025-07-02,LOC25,SKU028,6,2.0,10.0,6.0,5,1
2025-11-19,LOC21,SKU030,284,29.0,105.0,194.0,98,30
2025-03-12,LOC22,SKU059,60,8.0,121.0,93.0,21,10
2025-06-18,LOC23,SKU028,74,25.0,297.0,121.0,118,21
2025-11-05,LOC23,SKU018,123,77.0,305.0,230.0,128,34
2025-01-29,LOC22,SKU004,452,268.0,317.0,236.0,168,44
2025-07-16,LOC20,SKU024,40,21.0,55.0,51.0,31,6
2025-09-10,LOC22,SKU059,17,5.0,22.0,18.0,8,2
2025-11-19,LOC25,SKU008,229,64.0,20.0,236.0,122,34
2025-01-15,LOC22,SKU032,20,7.0,17.0,19.0,9,2
2025-12-03,LOC24,SKU032,74,40.0,136.0,80.0,33,10
2025-03-12,LOC20,SKU057,62,32.0,132.0,49.0,51,9
2025-10-08,LOC20,SKU025,158,14.0,326.0,284.0,158,31
2025-04-09,LOC24,SKU019,111,18.0,209.0,78.0,39,15
2025-01-29,LOC19,SKU030,142,88.0,88.0,120.0,92,16
2025-08-27,LOC23,SKU026,86,0.0,296.0,153.0,82,26
2025-09-10,LOC21,SKU044,212,45.0,142.0,105.0,91,18
2025-09-10,LOC24,SKU060,58,10.0,78.0,65.0,14,7
2025-10-22,LOC24,SKU025,264,18.0,160.0,294.0,144,33
2025-07-16,LOC22,SKU007,238,139.0,281.0,216.0,223,42
2025-12-03,LOC24,SKU040,71,47.0,9.0,37.0,35,6
2025-09-10,LOC24,SKU019,184,58.0,167.0,171.0,117,25
